0.28,0.33,4
0.1,0.71,4
-0.17,0.76,4
-0.47,0.27,4
-0.62,-0.54,4
-0.65,-0.5,3.12
-0.58,-0.55,2.11
-0.52,-0.76,1.4
-0.52,-0.66,0.16
-0.52,-0.28,-0.78
-0.44,0.08,-1.02
-0.36,0.17,-1.21
-0.36,0.38,-1.47
-0.36,0.73,-1.75
-0.35,0.69,-1.85
-0.31,0.44,-1.45
-0.28,0.31,-1.4
-0.27,0.3,-1.78
-0.19,0.21,-1.56
-0.06,-0.02,-1.11
0.01,-0.31,-0.94
0.08,-0.41,-0.73
0.18,-0.3,-0.37
0.31,-0.22,0.07
0.45,-0.27,0.46
0.54,-0.36,0.4
0.6,-0.28,0.25
0.68,-0.17,0.39
0.76,-0.18,0.66
0.82,-0.18,0.86
0.86,-0.17,0.73
0.87,-0.14,0.58
0.9,-0.1,0.64
0.93,-0.09,0.7
0.94,-0.03,0.63
0.94,0.03,0.41
0.94,0.03,0.25
0.96,0.03,0.25
0.96,0.06,0.2
0.95,0.1,0.19
0.95,0.14,0.4
0.99,0.17,0.69
0.98,0.12,0.67
0.96,0.04,0.45
0.92,-0.02,0.23
0.87,-0.07,0.13
0.85,-0.08,0.32
0.86,0.03,0.65
0.85,0.07,0.65
0.8,0.01,0.46
0.8,0,0.51
0.8,0,0.45
0.75,-0.03,0.34
0.75,0,0.59
0.78,0.03,0.79
0.76,0.01,0.62
0.72,-0.04,0.37
0.72,-0.08,0.28
0.7,-0.13,0.16
0.69,-0.08,0.25
0.7,0.01,0.53
0.67,0.04,0.52
0.66,0.05,0.7
0.7,0.1,1.05
0.69,0.14,0.91
0.65,0.07,0.56
0.63,-0.04,0.43
0.62,-0.09,0.3
0.59,-0.06,0.18
0.52,-0.08,0.33
0.55,-0.02,0.86
0.57,0.13,1.24
0.59,0.23,1.47
0.61,0.27,1.42
0.58,0.22,1.06
0.54,0.1,0.72
0.53,0.02,0.56
0.51,-0.08,0.4
0.47,-0.1,0.35
0.43,-0.03,0.45
0.41,0.04,0.85
0.46,0.16,1.52
0.49,0.31,1.75
0.46,0.33,1.39
0.42,0.16,1.11
0.41,0.02,1.04
0.39,0.01,0.83
0.37,-0.01,0.63
0.36,-0.03,0.51
0.32,-0.03,0.4
0.28,-0.08,0.48
0.32,-0.09,1.08
0.35,0.06,1.59
0.34,0.16,1.69
0.32,0.13,1.58
0.31,0.08,1.23
0.27,0.05,0.94
0.25,0.04,0.76
0.25,0.03,0.68
0.25,-0.04,0.68
0.24,-0.05,0.66
0.21,-0.08,0.73
0.24,-0.11,1.09
0.25,0.02,1.4
0.25,0.14,1.39
0.24,0.09,1.26
0.23,0.05,1.12
0.21,0.04,0.99
0.19,0.03,0.88
0.18,-0.02,0.82
0.17,-0.02,0.78
0.17,-0.03,0.81
0.18,0.01,0.92
0.19,0.06,1
0.19,0.05,1.1
0.19,0.05,1.22
0.19,0.11,1.25
0.19,0.11,1.14
0.16,0.08,1.02
0.15,0.03,0.92
0.15,0.01,0.88
0.14,0.01,0.88
0.13,0.03,0.84
0.14,0.03,0.89
0.14,0,1.02
0.14,0.07,1.01
0.14,0.07,1.04
0.14,0.04,1.08
0.12,0.18,4
0.02,0.67,4
-0.25,1.61,4
-0.85,2.09,4
-1.71,1.27,4
-2.42,-0.03,4
-2.4,-0.19,2.9
-2.2,-0.31,0.9
-1.78,-1.08,-0.96
-1.44,-1.46,-2.54
-1.08,-0.69,-3.96
-0.61,0.49,-3.73
-0.25,0.45,-1.58
-0.19,0.28,-0.22
-0.39,0.33,-1.16
-0.52,0.16,-2.32
-0.44,-0.1,-2.46
-0.31,-0.22,-1.97
-0.17,-0.07,-1.49
-0.05,0.07,-1.15
0.08,-0.11,-0.77
0.18,-0.24,-0.41
0.28,-0.19,-0.13
0.39,-0.17,0.26
0.52,-0.24,0.59
0.62,-0.26,0.67
0.7,-0.2,0.59
0.77,-0.16,0.62
0.84,-0.11,0.7
0.88,-0.07,0.61
0.88,-0.1,0.49
0.9,-0.08,0.49
0.91,-0.07,0.37
0.9,-0.05,0.3
0.93,0,0.43
0.96,0,0.5
0.97,0.04,0.46
0.97,0.05,0.39
0.98,0.03,0.3
0.97,0.03,0.23
0.94,0.05,0.19
0.93,0.03,0.33
0.93,-0.01,0.5
0.92,-0.02,0.47
0.89,0.02,0.36
0.89,-0.02,0.36
0.89,-0.08,0.44
0.87,-0.08,0.4
0.83,-0.05,0.28
0.8,-0.04,0.29
0.76,-0.07,0.29
0.7,-0.07,0.34
0.69,-0.04,0.51
0.68,-0.05,0.63
0.69,-0.03,0.77
0.69,-0.02,0.77
0.67,-0.02,0.59
0.65,-0.05,0.36
0.63,-0.01,0.14
0.59,-0.06,0
0.54,-0.09,0
0.51,-0.05,0.06
0.44,-0.06,0.2
0.4,-0.02,0.65
0.45,0.1,1.37
0.56,0.31,1.87
0.6,0.38,1.84
0.58,0.32,1.51
0.56,0.24,1.1
0.55,0,0.77
0.54,-0.13,0.59
0.5,-0.09,0.4
0.46,-0.03,0.24
0.4,-0.01,0.46
0.45,-0.04,1.2
0.48,0.16,1.63
0.47,0.3,1.51
0.46,0.2,1.34
0.44,0.06,1.17
0.39,-0.01,0.86
0.36,-0.02,0.55
0.34,-0.1,0.42
0.29,-0.16,0.36
0.23,-0.17,0.48
0.29,-0.13,1.2
0.35,0.06,1.76
0.34,0.21,1.67
0.31,0.16,1.43
0.27,0.08,1.12
0.23,-0.01,0.84
0.21,-0.05,0.73
0.2,-0.07,0.64
0.18,-0.07,0.64
0.17,-0.03,0.73
0.19,-0.04,1.03
0.22,0,1.37
0.23,0.06,1.43
0.22,0.1,1.35
0.21,0.08,1.24
0.19,0.08,1.1
0.18,0.11,1.02
0.17,0.05,1
0.16,0.04,0.92
0.15,0.05,0.86
0.15,0,0.84
0.15,-0.05,0.89
0.15,-0.02,0.94
0.14,0.01,1.09
0.19,0.05,1.4
0.19,0.14,1.4
0.16,0.18,1.2
0.13,0.14,1.03
0.12,0.11,0.9
0.12,0.08,0.92
0.13,0.01,1.01
0.12,0.03,1.05
0.1,0.09,0.94
0.11,0.05,0.89
0.11,-0.04,0.96
0.12,-0.01,0.97
0.12,0.03,0.98
0.13,0.05,1.04
0.13,0.06,1.05
0.13,0.09,1.01
0.12,0.12,0.97
0.11,0.1,0.95
0.11,0.04,0.95
0.11,0.06,0.95
-0.07,-0.12,3.7
-0.05,0.26,4
-0.11,0.73,4
-0.39,1.21,4
-0.77,1.12,4
-1.15,0.4,3.98
-1.36,-0.08,3.07
-1.45,-0.44,2.34
-1.47,-0.56,1.09
-1.32,-0.56,-0.18
-1.13,-0.57,-0.55
-0.87,-0.14,-0.24
-0.85,0.02,-0.67
-0.8,0.12,-1.2
-0.64,0.28,-1.43
-0.49,0.12,-1.51
-0.4,-0.05,-1.65
-0.31,-0.03,-1.74
-0.2,0.01,-1.62
-0.09,0.02,-1.4
0.02,0.01,-1.16
0.1,0.02,-0.97
0.19,-0.02,-0.73
0.27,-0.11,-0.47
0.36,-0.15,-0.35
0.41,-0.17,-0.38
0.48,-0.14,-0.34
0.56,-0.08,-0.24
0.64,0,-0.12
0.7,0,0
0.77,-0.02,0.22
0.83,-0.01,0.4
0.88,0,0.47
0.92,0,0.51
0.94,0.01,0.55
0.97,-0.03,0.58
1,-0.04,0.62
1.02,0,0.61
1.02,0.03,0.51
1.01,0.03,0.4
1.01,0,0.35
0.99,0,0.25
0.97,0.02,0.18
0.95,0.02,0.18
0.93,0.01,0.18
0.91,0.05,0.28
0.9,0.08,0.43
0.89,0.07,0.49
0.87,0.05,0.55
0.86,0.02,0.53
0.86,0.01,0.43
0.84,0.04,0.38
0.82,0.04,0.3
0.78,0.06,0.16
0.74,0,0.08
0.68,-0.06,0.04
0.62,-0.06,0.01
0.56,-0.04,0.25
0.59,-0.01,0.82
0.63,0.08,1.12
0.64,0.14,1.03
0.64,0.17,0.87
0.62,0.05,0.66
0.6,-0.05,0.43
0.56,-0.09,0.21
0.51,-0.14,0.07
0.47,-0.15,0.08
0.38,-0.12,0.32
0.36,0.01,0.97
0.44,0.23,1.63
0.52,0.39,1.84
0.53,0.35,1.6
0.51,0.26,1.33
0.5,0.22,1.05
0.46,0.1,0.72
0.43,0.05,0.55
0.39,0,0.49
0.35,-0.08,0.51
0.32,-0.06,0.58
0.28,-0.09,0.68
0.28,-0.08,1.03
0.31,0.04,1.45
0.32,0.15,1.58
0.31,0.15,1.46
0.28,0.08,1.26
0.23,0.02,1.05
0.22,-0.09,0.87
0.19,-0.1,0.72
0.17,-0.15,0.56
0.12,-0.2,0.54
0.11,-0.22,0.9
0.18,-0.11,1.53
0.23,0.13,1.78
0.23,0.21,1.68
0.2,0.09,1.56
0.18,0.01,1.4
0.16,0.05,1.15
0.15,0.01,1.01
0.14,-0.06,1.02
0.13,-0.05,0.98
0.12,-0.08,0.91
0.13,-0.14,0.87
0.13,-0.12,0.87
0.13,-0.04,0.89
0.16,0.04,1.05
0.18,0.06,1.27
0.18,0.08,1.28
0.15,0.09,1.16
0.13,0.09,1.01
0.11,0.03,0.94
0.1,0.01,0.94
0.1,-0.01,0.94
0.09,-0.01,0.93
0.1,-0.03,0.99
0.1,0,1.07
0.11,0.03,1.07
0.11,0.01,1.06
0.1,0.05,1
0.1,0.01,0.97
0.11,-0.02,1.03
0.1,0.01,1.02
0.09,0.02,0.94
0.09,0.04,0.93
0.09,0.02,0.95
0.09,-0.02,0.95
0.08,-0.01,0.95
0.09,0,0.95
0.09,-0.01,0.98
-0.16,-0.16,3.91
-0.29,0.02,4
-0.3,0.24,4
-0.36,0.25,4
-0.42,0.03,3.28
-0.41,-0.02,2.29
-0.41,-0.26,1.33
-0.37,-0.54,0.9
-0.3,-0.66,0.78
-0.23,-0.74,0.54
-0.14,-0.65,0.2
-0.09,-0.43,-0.14
-0.03,-0.2,-0.41
0.03,0.11,-0.52
0.07,0.46,-0.6
0.08,0.68,-0.69
0.04,0.57,-0.73
0,0.24,-0.67
-0.06,-0.02,-0.52
-0.1,-0.15,-0.39
-0.11,-0.21,-0.3
-0.17,-0.23,-0.08
-0.21,-0.01,-0.18
-0.2,-0.12,-0.25
-0.19,-0.02,-0.05
-0.17,0.09,0.02
-0.15,0.05,0.2
-0.13,0,0.38
-0.14,-0.05,0.36
-0.13,-0.05,0.44
-0.1,-0.03,0.54
-0.08,0,0.51
-0.05,0.11,0.55
-0.01,0.25,0.59
0,0.24,0.61
0.01,0.21,0.66
0.03,0.12,0.79
0.05,0.06,1.05
0.08,0.1,1.26
0.1,0.17,1.34
0.1,0.15,1.23
0.07,0.2,1.02
0.07,0.2,0.77
0.1,0.08,0.63
0.13,-0.07,0.58
0.19,-0.1,0.65
0.23,-0.06,0.83
0.24,-0.05,0.94
0.26,-0.03,1.09
0.28,0,1.31
0.31,0.03,1.34
0.31,0.08,1.23
0.28,0.19,1.01
0.26,0.22,0.71
0.27,0.1,0.56
0.29,-0.01,0.64
0.29,-0.01,0.81
0.31,0.04,1
0.32,0.07,1.16
0.32,0.08,1.21
0.33,0.08,1.2
0.31,0.02,1.17
0.24,-0.02,0.95
0.19,-0.06,0.72
0.17,-0.14,0.72
0.18,-0.12,0.75
0.18,-0.15,0.76
0.2,-0.21,0.95
0.22,-0.21,1.18
0.23,-0.15,1.31
0.22,-0.11,1.26
0.21,-0.08,1.15
0.21,-0.01,1.13
0.2,0.02,1.1
0.18,-0.02,1.02
0.16,-0.05,1.01
0.15,-0.05,1.02
0.14,-0.07,1.05
0.14,-0.08,1.15
0.14,-0.11,1.24
0.12,-0.09,1.21
0.11,-0.09,1.1
0.12,-0.07,1.09
0.12,-0.04,1.11
0.12,-0.02,1.12
0.12,0.05,1.08
0.11,0.04,1.05
0.1,-0.06,1.08
0.08,-0.1,1.09
0.07,-0.09,1.06
0.07,-0.1,1.07
0.06,-0.12,1.08
0.06,-0.11,1.06
0.06,-0.09,1.07
0.07,-0.09,1.06
0.08,-0.05,1.07
0.08,0.04,1.05
0.08,0.08,1
0.09,0.01,0.99
0.08,0,0.98
0.07,-0.01,0.92
0.06,-0.05,0.93
0.05,-0.06,0.98
0.05,-0.04,1.05
0.05,-0.02,1.07
0.04,0,1.09
0.04,0.03,1.07
0.04,0.01,1.04
0.05,0,1.04
0.05,0.01,1.02
0.04,0.02,0.97
0.04,-0.02,0.95
0.04,-0.05,0.96
0.03,-0.06,1
0.03,-0.09,1
0.03,-0.09,1
0.03,-0.06,1
0.03,-0.02,0.98
0.03,0,0.95
0.03,0,0.92
0.03,0.01,0.89
0.02,-0.04,0.86
0.01,-0.02,0.88
0.01,-0.05,0.91
0.01,-0.06,0.97
0.01,-0.05,1.02
0.02,-0.06,1.09
0.02,-0.03,1.15
0.06,0.05,4
-0.03,0.41,4
-0.57,1.04,4
-1.1,1.39,4
-1.7,1.27,4
-2.38,1.05,4
-2.68,0.46,2.45
-2.48,-0.2,0.45
-1.76,-0.68,-1.33
-1.05,-1.22,-2.04
-0.37,-0.53,-1.33
-0.2,0.26,-1.2
-0.12,0.26,-1.03
-0.07,0.13,-0.53
-0.13,0,-0.65
-0.2,-0.11,-0.9
-0.27,-0.21,-1.36
-0.25,-0.47,-1.77
-0.12,-0.61,-1.73
0.04,-0.43,-1.4
0.16,-0.21,-0.91
0.25,-0.19,-0.3
0.36,-0.08,0.29
0.43,-0.07,0.76
0.53,-0.01,0.9
0.57,0,0.51
0.57,-0.14,0.03
0.63,-0.15,-0.09
0.68,-0.14,-0.1
0.73,-0.04,0.05
0.78,0.04,0.04
0.79,0.02,-0.14
0.79,-0.04,-0.16
0.83,0,0
0.85,0.09,0.27
0.89,0.13,0.52
0.92,0.1,0.5
0.94,0.05,0.41
0.96,0.03,0.38
0.97,0.02,0.29
0.96,0.01,0.13
0.94,-0.03,-0.03
0.91,-0.11,-0.16
0.87,-0.12,-0.21
0.82,-0.1,-0.14
0.78,-0.11,0
0.73,-0.11,0.17
0.71,-0.16,0.21
0.65,-0.21,0.11
0.6,-0.24,-0.03
0.51,-0.27,-0.16
0.41,-0.29,-0.24
0.37,-0.26,0.05
0.3,-0.2,0.38
0.27,-0.06,0.69
0.29,0.05,1.21
0.38,0.17,1.67
0.47,0.31,1.88
0.52,0.36,1.78
0.51,0.27,1.38
0.46,0.14,0.97
0.43,-0.03,0.64
0.37,-0.1,0.45
0.33,-0.12,0.5
0.33,-0.05,0.78
0.32,0.03,1.06
0.37,0.07,1.55
0.44,0.15,1.96
0.44,0.3,1.87
0.42,0.28,1.48
0.38,0.14,1.22
0.33,0.03,0.9
0.3,-0.05,0.6
0.26,-0.06,0.54
0.24,-0.12,0.47
0.21,-0.1,0.47
0.17,-0.08,0.54
0.18,-0.16,0.87
0.2,-0.07,1.3
0.24,0.06,1.53
0.24,0.08,1.72
0.25,0.16,1.71
0.22,0.17,1.37
0.18,0.08,1.08
0.14,0.06,0.93
0.12,-0.01,0.79
0.12,-0.02,0.72
0.11,0.03,0.69
0.09,0.05,0.74
0.09,0.01,0.8
0.11,-0.06,1.05
0.14,-0.05,1.35
0.15,0.03,1.4
0.14,0.04,1.42
0.14,0.01,1.47
0.12,-0.01,1.32
0.08,0.01,1.12
0.06,0.03,0.96
0.05,0.03,0.89
0.03,0.03,0.83
0.03,-0.01,0.81
0.03,-0.06,0.91
0.04,-0.03,0.98
0.05,-0.03,1.03
0.07,-0.03,1.16
0.08,0.05,1.22
0.08,0.1,1.18
0.07,0.13,1.16
0.07,0.06,1.12
0.03,-0.03,1.07
0.03,-0.02,1.01
0.04,-0.01,1
0.05,-0.03,1.07
0.03,0.02,1.07
0.02,0.05,0.99
0.02,0,0.92
0.02,0,0.87
0.02,-0.01,0.88
0.04,-0.01,0.9
0.05,-0.02,0.89
0.06,-0.03,0.93
0.05,-0.02,0.97
0.06,-0.02,1.01
0.04,0.01,1.02
0.04,0.01,0.99
0.04,0.03,1.01
0.04,0.04,1.01
0.01,0.03,0.95
0.3,0.22,3.35
0.26,0.25,4
0.12,0.35,4
-0.06,0.72,4
-0.25,0.82,3.29
-0.38,0.57,2.18
-0.47,0.28,1.27
-0.52,-0.01,0.89
-0.47,-0.36,1.02
-0.41,-0.58,1.04
-0.36,-0.44,0.57
-0.3,-0.24,0.07
-0.23,-0.03,-0.15
-0.13,0.14,-0.21
-0.06,0.18,-0.16
-0.02,0.19,-0.11
0,0.04,-0.14
0,-0.13,-0.14
-0.02,-0.24,-0.1
-0.06,-0.31,0
-0.11,-0.32,0
-0.16,-0.34,-0.02
-0.18,-0.28,0.07
-0.22,-0.17,-0.05
-0.21,-0.04,-0.16
-0.17,0.01,0.08
-0.13,0.06,0.29
-0.1,0.07,0.36
-0.08,0.02,0.4
-0.06,0.03,0.4
-0.03,0.07,0.44
-0.01,0.14,0.52
-0.02,0.16,0.48
-0.05,0.12,0.32
-0.06,0.11,0.22
-0.07,0.09,0.12
-0.05,0.07,0.12
-0.04,0.13,0.22
-0.03,0.09,0.34
-0.03,-0.01,0.58
-0.02,-0.09,0.78
-0.01,-0.15,0.86
0,-0.14,0.98
0.01,0.01,1.04
0.02,0.17,0.9
0.03,0.31,0.81
-0.01,0.32,0.63
0,0.34,0.54
0.02,0.21,0.6
0.03,0.13,0.79
0.05,0.14,1.04
0.06,0.1,1.23
0.05,0.08,1.33
0.05,0.14,1.31
0.08,0.22,1.24
0.12,0.23,1.21
0.12,0.19,1.09
0.12,0.22,0.97
0.11,0.13,0.88
0.1,0.09,0.94
0.13,0.09,1.07
0.15,0.03,1.32
0.21,0.09,1.56
0.23,0.18,1.58
0.22,0.19,1.35
0.18,0.18,1.06
0.17,0.14,0.87
0.16,0.07,0.78
0.15,0.01,0.78
0.16,0.05,0.86
0.14,0,0.9
0.15,-0.01,1.08
0.16,0.03,1.28
0.17,-0.02,1.39
0.15,-0.02,1.39
0.12,0.06,1.28
0.08,0.03,1.2
0.07,0,1.08
0.09,-0.05,1.04
0.11,-0.13,1.14
0.13,-0.16,1.19
0.13,-0.25,1.26
0.16,-0.3,1.37
0.16,-0.27,1.38
0.15,-0.24,1.29
0.15,-0.23,1.25
0.14,-0.15,1.18
0.13,-0.08,1.1
0.13,-0.07,1.07
0.12,-0.1,1.05
0.11,-0.13,1.02
0.1,-0.14,1.04
0.09,-0.13,1.04
0.09,-0.08,1.07
0.08,-0.03,1.1
0.08,0,1.07
0.08,0.05,1.01
0.08,0.07,0.98
0.08,0.05,0.97
0.08,0.04,0.97
0.07,0.02,0.93
0.06,0.01,0.85
0.05,0,0.81
0.04,-0.05,0.84
0.04,-0.03,0.89
0.04,0,0.99
0.04,0,1.05
0.04,0.02,1.06
0.03,0.04,1.04
0.01,0.04,0.98
0,0.03,0.92
0,0.02,0.9
0,0.01,0.92
0,-0.01,0.93
0,0.03,0.94
0.01,0.04,0.95
0.01,0.01,1
0.01,0.01,1.01
0.01,0,1
0.01,-0.01,1.01
0.01,0.02,1.01
0.01,0.07,0.92
0.01,0.07,0.89
0.02,0.07,0.92
0.02,0.06,0.95
0.02,0.07,0.93
0.03,0.08,0.94
0.03,0.1,0.99
0.35,0.51,3.25
0.41,0.69,4
0.44,1.12,4
-0.21,1.6,4
-0.85,1.15,3.02
-0.97,0.57,1.99
-0.86,0.09,1.46
-0.68,-0.21,1.78
-0.55,0.21,2.26
-0.57,0.28,1.32
-0.44,0.07,0.98
-0.34,-0.46,0.88
-0.2,-0.35,0.85
-0.22,-0.42,0.49
-0.2,-0.52,-0.46
-0.19,-0.33,-1.47
-0.09,-0.21,-2.06
0.06,0.02,-1.48
0.19,0.2,-0.27
0.17,0.1,-0.02
0.09,-0.03,-0.47
0.03,-0.17,-0.9
0.09,-0.29,-0.63
0.15,-0.33,-0.43
0.16,-0.25,-0.71
0.19,-0.07,-0.87
0.24,-0.03,-0.88
0.29,0.04,-0.71
0.33,0,-0.56
0.36,-0.06,-0.31
0.46,-0.08,0.18
0.52,-0.13,0.24
0.54,-0.24,-0.14
0.58,-0.23,-0.31
0.65,-0.22,-0.29
0.69,-0.23,-0.44
0.67,-0.19,-0.92
0.61,-0.21,-1.36
0.53,-0.18,-1.32
0.46,-0.04,-0.94
0.32,0.21,-0.04
0.65,0.58,2.08
0.94,0.73,2.9
0.93,0.55,1.79
0.84,0.28,0.59
0.8,-0.15,-0.06
0.78,-0.36,-0.43
0.74,-0.3,-0.71
0.61,-0.27,-0.88
0.47,-0.31,-0.85
0.37,-0.29,-0.37
0.32,-0.12,0.42
0.28,0.18,1.11
0.4,0.34,1.92
0.55,0.47,2.52
0.58,0.43,1.97
0.48,0.29,1.06
0.39,-0.08,0.44
0.38,-0.36,0.03
0.32,-0.3,-0.29
0.22,-0.04,-0.39
0.1,-0.05,-0.23
0.01,-0.15,0.25
0.01,-0.07,1.05
0.08,0.19,1.77
0.17,0.47,2.05
0.23,0.46,2.13
0.29,0.36,2.15
0.3,0.36,1.84
0.24,0.29,1.34
0.2,0.08,1.07
0.18,-0.09,1.05
0.17,-0.06,1.1
0.13,-0.01,1.06
0.1,0.01,1.02
0.09,-0.04,1.12
0.11,-0.03,1.39
0.16,0.07,1.71
0.18,0.18,1.83
0.18,0.16,1.77
0.17,0.1,1.62
0.14,0.13,1.44
0.09,0.15,1.15
0.07,0.11,0.94
0.08,0.08,0.9
0.09,0.08,0.95
0.09,0.03,0.94
0.09,0,0.9
0.09,0.01,0.96
0.1,0,1.06
0.12,0.02,1.18
0.12,0.07,1.22
0.11,0.06,1.16
0.1,0.11,1.12
0.08,0.11,1.02
0.05,0.09,0.95
0.05,0.05,0.9
0.05,0,0.92
0.03,-0.02,0.91
0.03,-0.05,0.87
0.03,-0.06,0.9
0.04,-0.01,0.93
0.05,-0.02,0.99
0.06,0.04,1.09
0.07,0.11,1.12
0.05,0.08,1.1
0.04,0.08,1.01
0.02,0.08,0.9
0.02,0.01,0.88
0.03,0,0.92
0.03,0.02,0.91
0.02,0.01,0.86
0.02,0.01,0.84
0.03,0.04,0.86
0.04,0.04,0.92
0.05,0.05,0.99
0.05,0.09,1.02
0.05,0.08,1.04
0.05,0.05,1.05
0.05,0.03,1.04
0.04,0.05,1.02
0.03,0.04,0.96
0.03,0.02,0.89
0.03,0.04,0.89
0.01,0.03,0.86
0.01,0.04,0.87
0.01,0.07,0.95
0.01,0.06,1.03
-0.23,0.78,2.46
-0.29,1.09,3.12
-0.33,1.22,3.69
-0.35,1.11,4
-0.45,0.92,4
-0.59,0.79,3.39
-0.65,0.44,2.83
-0.68,0.19,2.36
-0.65,0.1,1.68
-0.61,-0.07,1.02
-0.55,-0.21,0.39
-0.47,-0.27,-0.02
-0.4,-0.27,-0.11
-0.29,-0.33,0.05
-0.23,-0.39,0.17
-0.19,-0.32,0.05
-0.12,-0.2,-0.14
-0.03,-0.08,-0.26
0.02,0,-0.32
0.03,-0.02,-0.37
0.04,-0.07,-0.31
0.05,-0.12,-0.23
0.06,-0.14,-0.12
0.03,-0.2,-0.13
0.01,-0.14,-0.06
-0.01,-0.09,0
-0.02,-0.06,0.16
0.01,0,0.37
0.02,-0.03,0.55
0,0.04,0.58
-0.06,0.02,0.2
-0.08,-0.04,-0.06
-0.07,-0.15,-0.1
-0.04,-0.22,-0.08
-0.01,-0.28,-0.07
0.02,-0.3,-0.02
0.05,-0.21,0.05
0.08,-0.11,0.18
0.1,-0.03,0.29
0.12,0.04,0.38
0.13,0.13,0.45
0.09,0.13,0.51
0.11,0.07,0.61
0.07,0.15,0.68
0.09,0.21,0.87
0.07,0.16,0.89
0.05,0.12,0.9
0.04,0.1,0.91
0.06,0.02,1.02
0.1,0,1.25
0.13,0.12,1.44
0.13,0.21,1.39
0.12,0.26,1.23
0.11,0.31,1.07
0.09,0.26,0.96
0.09,0.18,1.03
0.08,0.08,1.12
0.06,-0.01,1.24
0.05,0.01,1.44
0.05,0.02,1.55
0.05,0.04,1.54
0.04,0.14,1.4
0.05,0.14,1.26
0.06,0.01,1.16
0.07,-0.11,1.14
0.08,-0.17,1.22
0.09,-0.1,1.3
0.09,-0.02,1.36
0.1,0.05,1.43
0.11,0.11,1.48
0.13,0.13,1.53
0.12,0.09,1.51
0.1,-0.01,1.36
0.07,-0.1,1.18
0.05,-0.1,1.09
0.06,-0.09,1.04
0.07,-0.09,1.11
0.09,0.03,1.2
0.1,0.09,1.21
0.11,0.08,1.2
0.11,0.04,1.19
0.11,0.05,1.2
0.1,0.03,1.19
0.1,-0.01,1.13
0.08,0.02,1.07
0.06,0.03,1
0.05,0.01,0.99
0.06,0.03,1.02
0.06,0.08,1
0.06,0.11,0.99
0.06,0.09,1.01
0.05,0.03,1.03
0.05,0.01,1.07
0.04,-0.01,1.12
0.04,-0.03,1.12
0.03,0,1.05
0.02,0.03,0.95
0.01,0,0.9
0.02,-0.01,0.93
0.02,0.02,0.92
0.02,0.03,0.9
0.03,0,0.9
0.03,0,0.88
0.04,0.03,0.9
0.04,0.02,0.96
0.05,0.01,1.02
0.05,0.02,1.04
0.05,0.04,1.01
0.04,0.02,0.95
0.03,0,0.89
0.03,0.01,0.86
0.03,-0.01,0.85
0.02,-0.02,0.87
0.03,-0.05,0.92
0.03,-0.05,0.95
0.02,-0.03,0.95
0.02,0,0.95
0.03,0.02,0.98
0.02,0.01,0.99
0.02,0.02,0.95
0.02,0.03,0.92
0.02,0.04,0.92
0.02,0.02,0.93
0.02,-0.02,0.92
0.01,-0.01,0.9
0,0,0.92
0.01,0.01,0.99
0.01,0.03,1.01
-0.08,-0.09,3.28
-0.21,0.02,4
-0.52,0.25,4
-0.73,0.42,4
-1.05,0.99,4
-1.77,1.51,4
-2.62,1.61,3.96
-2.82,0.93,1.36
-2.42,-0.14,-0.08
-2.03,-1.05,-0.67
-1.68,-1.26,-1.59
-1.37,-0.04,-2.62
-0.96,1.26,-3.52
-0.51,0.38,-2.89
-0.24,-0.13,-1.79
-0.21,0.12,-2.25
-0.16,0.19,-2.51
-0.07,-0.06,-2.04
0.03,-0.3,-1.66
0.13,-0.41,-1.34
0.22,-0.32,-0.9
0.32,-0.24,-0.48
0.37,-0.24,-0.28
0.43,-0.22,-0.17
0.49,-0.12,0.2
0.58,-0.09,0.7
0.66,-0.09,0.95
0.7,-0.1,0.8
0.72,-0.09,0.54
0.73,-0.07,0.29
0.75,-0.12,0.12
0.76,-0.2,-0.03
0.75,-0.14,-0.19
0.74,-0.11,-0.38
0.68,-0.03,-0.33
0.72,0.1,0.2
0.71,0.14,0.48
0.71,0.11,0.53
0.71,0.01,0.7
0.71,-0.03,0.69
0.7,-0.04,0.58
0.7,-0.05,0.6
0.67,-0.02,0.51
0.63,0.01,0.3
0.57,-0.05,0.21
0.53,-0.16,0.25
0.45,-0.15,0.21
0.33,-0.14,0.26
0.31,-0.18,0.95
0.42,0,1.52
0.44,0.3,1.43
0.45,0.26,1.38
0.48,0.19,1.44
0.43,0.06,1.07
0.39,0.02,0.72
0.32,-0.07,0.56
0.26,-0.18,0.45
0.2,-0.24,0.48
0.18,-0.26,0.83
0.22,-0.18,1.46
0.31,0.02,1.97
0.4,0.15,2.25
0.42,0.29,2.17
0.32,0.39,1.55
0.23,0.19,1.03
0.2,-0.04,0.92
0.2,-0.07,0.85
0.19,-0.17,0.7
0.19,-0.22,0.71
0.18,-0.21,0.68
0.16,-0.18,0.69
0.18,-0.15,0.99
0.25,-0.13,1.57
0.27,-0.02,1.84
0.24,0.1,1.56
0.19,0.07,1.21
0.15,0.06,1.04
0.12,0.1,0.91
0.11,0.03,0.87
0.1,-0.1,0.92
0.08,-0.14,0.84
0.09,-0.14,0.85
0.1,-0.11,0.91
0.11,-0.11,1.04
0.13,-0.04,1.22
0.13,0.02,1.2
0.12,0.02,1.19
0.12,0,1.21
0.1,0.04,1.14
0.08,0.09,1
0.07,0.07,0.9
0.06,0.01,0.93
0.05,-0.03,0.9
0.05,-0.12,0.87
0.06,-0.16,0.93
0.08,-0.12,0.95
0.08,-0.12,1
0.1,-0.08,1.11
0.11,-0.01,1.19
0.1,0.08,1.1
0.08,0.09,0.94
0.07,0.05,0.96
0.06,0.03,1
0.05,-0.04,0.97
0.05,-0.03,0.98
0.05,0,0.97
0.05,-0.03,0.96
0.05,-0.06,0.99
0.06,0,0.98
0.06,0,0.97
0.07,0.03,1.02
0.07,0.09,1.01
0.06,0.05,0.99
0.06,-0.02,1.03
0.05,-0.05,1.05
0.04,-0.06,0.98
0.04,-0.06,0.93
0.04,-0.05,0.95
0.04,-0.06,0.98
0.04,-0.05,0.98
0.04,-0.02,0.95
0.05,0.01,0.93
0.05,0.01,0.96
0.06,0,1.01
0.06,0,1.03
0.06,0,1.01
0.05,0.01,0.99
0.05,0.02,1.01
0.09,-0.29,4
0,0.93,4
-0.25,2.07,4
-0.76,2.26,4
-1.81,1.92,4
-2.79,0.81,4
-3.17,-0.71,2.95
-3.08,-1.85,1.68
-2.74,-2.05,0.16
-2.23,-1.21,-1.16
-1.75,-0.32,-2.48
-1.23,-1.02,-2.41
-0.81,-1.39,-1.97
-0.68,-0.69,-2.54
-0.59,-0.1,-2.98
-0.36,-0.29,-2.53
-0.21,-0.5,-1.69
-0.13,-0.34,-1.46
-0.12,-0.19,-1.5
-0.03,-0.35,-1.3
0.06,-0.4,-0.96
0.14,-0.41,-0.78
0.24,-0.24,-0.59
0.33,-0.06,-0.4
0.43,0.07,-0.09
0.52,0.14,0.14
0.59,0.18,0.14
0.66,0.14,0.08
0.71,0.09,0.1
0.78,0.09,0.21
0.84,0.09,0.29
0.88,0.06,0.36
0.92,0.07,0.45
0.95,0.04,0.43
0.96,-0.01,0.38
0.96,-0.1,0.35
0.94,-0.18,0.28
0.93,-0.2,0.28
0.92,-0.17,0.42
0.93,-0.06,0.55
0.92,-0.05,0.47
0.87,-0.11,0.38
0.88,-0.07,0.62
0.92,0.03,0.87
0.9,0.07,0.75
0.86,-0.04,0.54
0.84,-0.08,0.4
0.81,-0.1,0.25
0.77,-0.13,0.13
0.75,-0.19,0.06
0.66,-0.07,0.1
0.7,-0.04,0.37
0.6,0.13,0.83
0.71,0.02,1.19
0.73,0.21,1.23
0.72,0.17,1.03
0.68,0.02,0.81
0.66,-0.11,0.61
0.63,-0.15,0.42
0.58,-0.18,0.25
0.58,-0.16,0.12
0.53,-0.14,0.2
0.5,-0.14,0.51
0.51,-0.1,0.89
0.55,-0.04,1.28
0.59,0.14,1.51
0.57,0.26,1.41
0.54,0.14,1.08
0.52,-0.05,0.78
0.49,-0.28,0.64
0.46,-0.28,0.49
0.39,-0.3,0.32
0.35,-0.37,0.35
0.32,-0.31,0.67
0.37,-0.17,1.15
0.42,-0.01,1.51
0.43,0.04,1.47
0.4,0.07,1.37
0.36,0.05,1.33
0.33,-0.04,1.16
0.33,-0.13,1.06
0.3,-0.25,0.98
0.26,-0.25,0.8
0.25,-0.2,0.71
0.27,-0.26,0.66
0.19,-0.24,0.69
0.22,-0.18,0.93
0.26,-0.13,1.41
0.29,0,1.52
0.25,0.06,1.33
0.17,0.05,1.08
0.17,-0.05,0.91
0.14,-0.12,0.86
0.15,-0.17,0.93
0.15,-0.19,0.95
0.15,-0.14,0.97
0.15,-0.15,0.99
0.15,-0.13,1.09
0.17,-0.1,1.3
0.21,0.02,1.45
0.2,0.05,1.36
0.18,0.03,1.21
0.14,0.03,1.04
0.11,-0.04,0.93
0.08,-0.1,0.88
0.09,-0.1,0.9
0.1,-0.09,0.96
0.09,-0.14,0.95
0.09,-0.17,0.97
0.08,-0.19,0.97
0.09,-0.18,1.04
0.11,-0.11,1.1
0.11,-0.08,1.1
0.12,-0.03,1.11
0.11,0,1.06
0.1,0,1.01
0.07,0.01,0.96
0.07,-0.05,0.93
0.07,-0.04,0.95
0.06,0,0.9
0.06,-0.05,0.9
0.07,-0.11,0.95
0.08,-0.08,0.99
0.08,-0.07,1.06
0.09,-0.04,1.07
0.09,0,1.02
0.09,0.06,0.98
0.09,0.03,1
0.13,0.15,3.55
0.04,0.42,3.99
-0.11,0.75,4
-0.22,1.07,4
-0.25,1.17,4
-0.62,1.13,4
-1.33,1.21,4
-1.78,0.68,2.65
-1.73,-0.26,1.15
-1.43,-0.83,0.2
-1.16,-0.89,-0.06
-0.83,-0.16,0.03
-0.84,-0.19,-0.67
-0.73,-0.42,-1.5
-0.46,-0.54,-1.68
-0.31,-0.45,-1.43
-0.21,-0.24,-1.34
-0.15,-0.26,-1.2
-0.1,-0.26,-1.12
-0.05,-0.26,-0.98
-0.01,-0.24,-1.01
0.04,-0.07,-1.03
0.1,-0.04,-1.15
0.19,-0.19,-0.79
0.29,-0.17,-0.33
0.32,-0.09,-0.35
0.37,-0.1,-0.29
0.46,-0.02,-0.14
0.52,-0.04,-0.16
0.58,0,-0.21
0.64,0,-0.16
0.7,0,-0.08
0.75,0.01,-0.05
0.78,0.04,-0.11
0.8,0.03,-0.01
0.86,0.07,0.3
0.95,0.18,0.76
1,0.17,0.78
1,0.06,0.37
1,0.01,0.2
1.01,-0.04,0.19
1.02,-0.04,0.13
1,-0.07,0.01
0.97,-0.16,-0.17
0.91,-0.21,-0.38
0.86,-0.19,-0.23
0.88,-0.07,0.22
0.86,-0.01,0.44
0.86,0,0.68
0.87,-0.02,0.77
0.84,-0.06,0.55
0.8,-0.1,0.27
0.75,-0.14,0.07
0.7,-0.14,0.02
0.66,-0.11,-0.03
0.59,-0.13,-0.01
0.55,-0.06,0.23
0.52,0.01,0.63
0.56,0.1,1.16
0.57,0.24,1.32
0.6,0.21,1.19
0.59,0.18,0.96
0.52,0.02,0.55
0.47,-0.13,0.3
0.4,-0.15,0.15
0.31,-0.23,0.05
0.25,-0.25,0.37
0.28,-0.2,1.06
0.34,0.02,1.61
0.42,0.25,1.93
0.47,0.37,2.05
0.47,0.35,1.72
0.41,0.23,1.22
0.36,0.05,0.92
0.3,-0.09,0.59
0.26,-0.18,0.33
0.21,-0.15,0.31
0.16,-0.12,0.39
0.16,-0.18,0.8
0.24,-0.08,1.43
0.3,0.11,1.82
0.31,0.21,1.89
0.3,0.19,1.78
0.26,0.15,1.58
0.24,0.16,1.34
0.21,0.15,1.14
0.19,0.06,1.03
0.16,0.01,0.94
0.15,0.01,0.84
0.14,-0.01,0.82
0.12,-0.07,0.81
0.12,-0.09,0.91
0.15,-0.06,1.19
0.17,0.02,1.33
0.18,0.04,1.36
0.17,0.07,1.31
0.16,0.11,1.21
0.14,0.09,1.11
0.12,0.06,0.99
0.11,0.05,0.9
0.11,0,0.88
0.13,-0.01,0.96
0.14,-0.01,0.97
0.13,0.06,0.93
0.13,0.11,0.87
0.14,0.05,0.92
0.16,0.04,1.01
0.15,0.08,0.99
0.12,0.14,0.9
0.12,0.15,0.83
0.12,0.06,0.9
0.13,0.01,1
0.13,0.01,1.02
0.09,0,0.95
0.07,0,0.84
0.08,-0.03,0.96
0.1,-0.03,1.09
0.1,0,1.11
0.08,0.08,1.06
0.09,0.1,1.06
0.1,0.04,1.13
0.11,0.05,1.14
0.09,0.11,1.07
0.06,0.15,0.9
0.06,0.07,0.82
0.07,0,0.9
0.07,0.01,0.92
0.07,0.04,0.89
0.27,-0.01,3.98
0.12,0.47,4
-0.3,1.77,4
-1.05,3.98,4
-2.55,4,4
-3.45,1.89,3.08
-3.42,-0.51,1.9
-2.61,-1.09,-0.22
-1.69,-1.5,-2.25
-1.01,-1.54,-3.32
-0.46,-1.25,-3.33
-0.16,-0.77,-2.63
0.04,-0.37,-1.94
0.06,-0.11,-1.19
0.08,-0.08,-0.51
0.05,-0.15,-0.5
-0.05,-0.36,-1.15
-0.08,-0.38,-1.52
-0.01,-0.34,-1.49
0.09,-0.35,-1.18
0.2,-0.23,-0.79
0.26,-0.22,-0.72
0.31,-0.25,-0.65
0.35,-0.16,-0.39
0.42,-0.04,0.12
0.53,0.04,0.59
0.62,0.12,0.94
0.66,0.02,0.8
0.68,-0.04,0.47
0.71,-0.06,0.34
0.75,-0.08,0.33
0.79,-0.05,0.29
0.79,-0.05,0.21
0.81,-0.04,0.27
0.83,0.02,0.39
0.84,0.08,0.43
0.85,0.03,0.39
0.85,-0.02,0.39
0.88,-0.01,0.46
0.89,0.04,0.37
0.89,0.04,0.18
0.88,0.03,0.1
0.86,0.03,-0.01
0.85,-0.03,-0.02
0.83,-0.09,0.09
0.83,-0.05,0.23
0.74,-0.01,0.2
0.73,-0.06,0.35
0.72,-0.07,0.51
0.69,-0.06,0.48
0.69,-0.06,0.56
0.68,0,0.61
0.64,0.03,0.51
0.57,0.03,0.31
0.51,-0.08,0.22
0.45,-0.09,0.25
0.38,-0.02,0.32
0.35,0.08,0.43
0.28,0.09,0.58
0.24,0.06,0.91
0.29,0.08,1.33
0.34,0.17,1.59
0.38,0.29,1.63
0.41,0.32,1.52
0.4,0.27,1.36
0.36,0.18,1.21
0.31,0.03,0.89
0.26,0.04,0.77
0.22,0.03,0.71
0.19,-0.03,0.75
0.16,-0.01,0.81
0.16,-0.01,1.1
0.23,-0.01,1.67
0.27,0.17,1.87
0.26,0.25,1.74
0.24,0.12,1.62
0.2,0.11,1.41
0.16,0.11,1.05
0.12,0.06,0.88
0.13,0.03,0.8
0.11,0,0.75
0.09,-0.05,0.7
0.09,-0.06,0.78
0.09,-0.09,0.96
0.11,-0.02,1.18
0.15,0.06,1.44
0.15,0.12,1.57
0.14,0.13,1.42
0.11,0.11,1.23
0.08,0.09,1.07
0.04,0.06,0.93
0.03,0.06,0.86
0.02,0.01,0.88
0.03,0.03,0.92
0.03,0.03,0.92
0.03,0.01,0.94
0.06,-0.02,1.1
0.09,0.01,1.32
0.1,0.07,1.37
0.09,0.08,1.31
0.07,0.11,1.18
0.04,0.13,1.02
0.02,0.1,0.88
0.01,0.06,0.82
0.01,0,0.8
0.02,-0.07,0.85
0.04,-0.05,0.93
0.05,0.07,0.96
0.06,0.06,0.95
0.06,0.02,1.02
0.08,0.03,1.07
0.06,0.05,1.05
0.05,0.01,0.97
0.05,-0.01,0.94
0.03,0.06,0.9
0.03,0.09,0.89
0.04,0.01,0.97
0.04,0.04,0.99
0.03,0.05,0.96
0.04,0.02,1.03
0.06,0.04,1.1
0.05,0.08,1.05
0.04,0.08,0.99
0.03,0.03,0.96
0.03,0,0.96
0.03,0.02,0.95
0.03,0.05,0.96
0.03,0.02,0.95
0.19,0.49,3.02
0.15,0.7,3.53
0.05,0.79,3.73
-0.08,0.77,3.65
-0.2,0.59,3.53
-0.36,0.29,3.11
-0.48,0.08,2.55
-0.54,-0.1,2.12
-0.58,-0.21,1.57
-0.6,-0.23,1.02
-0.54,-0.27,0.73
-0.45,-0.39,0.85
-0.37,-0.52,0.88
-0.33,-0.55,0.56
-0.25,-0.58,0.2
-0.18,-0.41,-0.05
-0.11,-0.24,-0.3
-0.05,-0.09,-0.48
0,0.11,-0.61
0.06,0.21,-0.66
0.07,0.18,-0.62
0.08,0.05,-0.57
0.06,-0.12,-0.48
0.04,-0.25,-0.3
0,-0.33,-0.16
-0.05,-0.31,-0.11
-0.08,-0.22,0.01
-0.11,-0.08,0.11
-0.13,0,0.12
-0.14,0.04,0.15
-0.12,0.04,0.2
-0.1,-0.02,0.26
-0.07,-0.09,0.29
-0.04,-0.11,0.31
-0.01,-0.06,0.33
0.01,0,0.33
0.03,0,0.35
0.05,0.04,0.5
0.06,0.05,0.65
0.06,0.03,0.77
0.05,0.01,0.81
0.04,-0.03,0.86
0.05,-0.01,1
0.06,0.07,0.99
0.06,0.12,1
0.06,0.02,0.96
0.08,-0.04,0.91
0.11,-0.05,0.89
0.14,0,0.88
0.17,0.1,0.99
0.2,0.17,1.18
0.19,0.14,1.2
0.14,0.1,1.19
0.14,0.04,1.3
0.16,0.01,1.34
0.15,-0.02,1.29
0.16,0.04,1.19
0.18,0.12,1.07
0.18,0.15,0.96
0.17,0.11,0.9
0.14,0.03,0.9
0.14,0.01,0.98
0.14,0.02,0.99
0.14,0.07,1.01
0.17,0.06,1.09
0.22,0.02,1.29
0.23,0.01,1.47
0.21,-0.05,1.39
0.18,-0.1,1.33
0.14,-0.11,1.2
0.1,-0.1,1.08
0.07,-0.11,1
0.06,-0.14,1.03
0.07,-0.14,1.11
0.07,-0.13,1.19
0.07,-0.08,1.21
0.08,-0.05,1.22
0.08,-0.04,1.2
0.06,-0.03,1.13
0.05,-0.03,1.07
0.05,-0.06,1
0.04,-0.06,0.91
0.05,-0.03,0.92
0.05,-0.06,0.98
0.06,-0.08,1.03
0.06,-0.03,1.04
0.05,-0.02,1.01
0.04,-0.01,1.03
0.03,0.05,1.06
0.02,0.03,1.04
0.01,-0.01,1.04
-0.01,-0.04,1.01
-0.03,-0.05,1
-0.03,-0.05,1
-0.03,-0.06,0.98
-0.03,-0.04,1.03
-0.02,-0.04,1.07
-0.02,-0.01,1.07
-0.02,0.01,1.06
-0.02,0.01,1.07
-0.02,0.02,1.08
-0.01,0.02,1.12
-0.01,0.03,1.12
-0.02,0.05,1.05
-0.03,0.01,0.99
-0.03,-0.01,0.97
-0.02,0.02,0.96
-0.02,0.05,0.95
-0.01,0.07,1
0,0.06,1.04
0,0.06,1.04
0,0.07,1.07
-0.01,0.06,1.06
-0.01,0.05,1.01
-0.01,0.01,0.99
-0.01,0.01,0.96
-0.02,0.02,0.92
-0.02,-0.01,0.92
-0.03,-0.02,0.92
-0.03,-0.01,0.88
-0.02,0.01,0.92
-0.01,0.01,1
-0.01,-0.02,1.01
-0.02,-0.04,1.06
0,-0.01,1.13
-0.01,0.06,1.09
-0.03,0.06,1.01
-0.02,0.04,1
0.2,0.2,4
0.08,-0.03,4
-0.33,0.5,4
-0.61,0.62,4
-1.09,0.4,4
-1.94,1.27,4
-2.9,1.68,3.98
-3.14,1,1.58
-2.66,-0.37,0.49
-2.06,-1.2,0.66
-1.61,-1.19,0.56
-1.28,-0.92,-0.31
-1.06,-0.95,-0.72
-0.75,-1.04,-0.71
-0.6,-0.7,-1.18
-0.47,-0.47,-1.89
-0.29,-0.3,-2.17
-0.11,-0.2,-1.91
0.02,-0.11,-1.38
0.05,0.01,-1.11
0.09,0.11,-1.12
0.08,0.01,-1.12
0.14,-0.06,-0.78
0.2,-0.08,-0.52
0.21,-0.09,-0.56
0.24,-0.18,-0.72
0.25,-0.22,-0.86
0.27,-0.06,-0.87
0.31,-0.01,-0.8
0.35,0.04,-0.77
0.32,-0.02,-0.94
0.29,-0.05,-0.98
0.22,-0.05,-0.74
0.19,-0.11,-0.25
0.3,0.08,0.75
0.45,0.36,1.33
0.51,0.36,1.22
0.58,0.17,1.12
0.61,0.09,0.87
0.58,0.06,0.4
0.55,0.02,0.08
0.49,-0.1,-0.06
0.4,-0.16,-0.1
0.32,-0.06,0.05
0.27,-0.07,0.48
0.22,0.03,0.87
0.26,0.11,1.56
0.38,0.19,2.16
0.44,0.38,2.21
0.45,0.42,1.74
0.42,0.25,1.44
0.35,0.15,1.2
0.33,0.06,0.86
0.28,-0.08,0.71
0.19,-0.12,0.46
0.13,-0.11,0.35
0.08,-0.14,0.62
0.13,-0.08,1.22
0.24,0.04,1.84
0.27,0.22,2.12
0.31,0.24,2.19
0.3,0.16,2.15
0.22,0.17,1.68
0.12,0.14,1.19
0.12,-0.04,0.95
0.1,-0.12,0.9
0.1,-0.16,0.8
0.09,-0.11,0.81
0.09,-0.13,0.76
0.08,-0.12,0.76
0.09,-0.11,0.86
0.11,-0.09,1.03
0.14,0.07,1.27
0.16,0.01,1.51
0.17,0.04,1.71
0.15,0.06,1.67
0.12,0.06,1.53
0.08,0.07,1.28
0.04,0.02,1.07
0.03,0.02,0.98
0.01,-0.01,0.89
0.02,-0.05,0.83
0.05,-0.02,0.91
0.06,0.03,1
0.05,0.04,0.97
0.05,0.01,0.94
0.06,-0.01,0.98
0.06,-0.02,1.03
0.07,0,1.09
0.06,0.01,1.12
0.06,0.01,1.11
0.04,0.01,1.05
0.01,-0.03,0.98
-0.01,-0.02,0.92
-0.01,0.01,0.9
0,0.02,0.92
0.01,0,0.95
0.01,0.01,0.97
0.02,-0.01,0.99
0.04,-0.02,1.06
0.04,0.01,1.08
0.03,0.03,1.03
0.02,0.04,1.01
0.02,0.05,1.06
0.02,0.07,1.07
0.01,0.08,0.97
0.01,0.05,0.92
0.02,0.02,0.9
0.03,0.01,0.88
0.04,0.01,0.93
0.05,0.01,0.97
0.05,0.03,0.98
0.05,0.05,0.97
0.05,0.05,0.99
0.05,0.04,0.98
0.04,0.05,0.95
0.04,0.03,0.96
0.03,0.01,0.95
0.03,0,0.95
0.02,-0.01,0.96
0.02,0,0.95
0.02,0.01,0.93
0.03,0.01,0.95
0.04,0.03,0.98
0.04,0.02,1.01
0.04,0,1.06
0.03,-0.02,1.07
0.02,0.02,1.03
-0.31,0.37,2.82
-0.22,0.39,3.92
-0.11,0.29,4
-0.11,0.16,4
-0.23,0,4
-0.4,-0.03,3.14
-0.41,-0.11,2.28
-0.4,-0.31,1.64
-0.36,-0.03,1.01
-0.32,0.22,0.34
-0.28,0.16,0.1
-0.24,0.1,0.13
-0.17,0.11,0.15
-0.08,0.05,0.24
-0.04,0.01,0.18
0,0.01,-0.02
0.02,-0.11,-0.27
0.01,-0.17,-0.5
-0.01,-0.25,-0.65
0,-0.24,-0.62
0,-0.12,-0.54
-0.01,-0.01,-0.5
-0.02,0,-0.4
-0.04,-0.04,-0.27
-0.06,-0.11,-0.09
-0.08,-0.2,0.04
-0.12,-0.23,0.06
-0.2,-0.24,-0.06
-0.24,-0.17,-0.12
-0.22,-0.12,-0.08
-0.18,-0.07,-0.04
-0.13,0.03,0.01
-0.08,0.03,0.11
-0.03,-0.01,0.29
0.02,-0.06,0.47
0.04,-0.09,0.67
0.07,-0.11,0.86
0.08,-0.11,0.99
0.07,-0.04,0.95
0.05,-0.07,0.83
0.08,0,0.85
0.05,0.13,0.75
0.07,0.11,0.74
0.06,0.03,0.77
0.07,-0.08,0.78
0.1,-0.14,0.96
0.16,-0.13,1.22
0.21,-0.1,1.41
0.24,-0.01,1.41
0.22,0.09,1.25
0.2,0.19,1.16
0.2,0.24,1.01
0.2,0.23,0.9
0.22,0.12,0.88
0.27,0.08,1.08
0.3,-0.02,1.23
0.31,-0.07,1.26
0.3,0.04,1.32
0.3,0.14,1.41
0.32,0.26,1.5
0.22,0.44,1.35
0.16,0.55,0.95
0.11,0.33,0.52
0.16,0.08,0.48
0.17,-0.12,0.57
0.19,-0.19,0.78
0.22,-0.2,1.15
0.23,-0.14,1.32
0.2,-0.05,1.32
0.19,0,1.35
0.17,0.03,1.4
0.16,0.08,1.35
0.15,0.08,1.09
0.14,0.1,0.96
0.14,0.06,0.88
0.15,-0.1,0.9
0.14,-0.18,1.05
0.14,-0.17,1.16
0.13,-0.12,1.23
0.13,-0.08,1.3
0.14,-0.01,1.33
0.14,0.06,1.33
0.13,0.12,1.21
0.12,0.12,1.06
0.1,0.07,0.94
0.1,0.03,0.94
0.08,-0.01,0.97
0.06,-0.07,1.01
0.06,-0.1,1.11
0.07,-0.11,1.2
0.08,-0.03,1.27
0.08,0.04,1.26
0.08,0.1,1.17
0.08,0.2,1.07
0.07,0.16,0.99
0.06,0.08,0.99
0.05,0.04,1.01
0.03,0.02,0.97
0.03,0.01,0.99
0.04,-0.02,1.02
0.02,-0.03,1.05
0.03,0,1.1
0.04,0.01,1.17
0.03,0.06,1.17
0.03,0.07,1.07
0.04,0.05,1.04
0.05,0.08,1
0.05,0.07,0.93
0.05,0.02,0.93
0.04,0,0.95
0.03,-0.06,0.94
0.04,-0.08,0.96
0.04,-0.03,1
0.05,0.02,1.03
0.06,0.06,1.07
0.07,0.07,1.06
0.06,0.05,1.02
0.06,0.02,0.95
0.05,0,0.89
0.05,0.01,0.83
0.04,0.01,0.8
0.05,0.02,0.81
0.05,0,0.87
0.06,-0.01,0.93
0.06,0.01,0.96
0.07,0.01,1.01
0.08,0.02,1.05
0.08,0.04,1.03
0.2,0.1,3.85
0.16,0.27,4
-0.22,1.06,4
-0.42,1.59,4
-0.93,1.48,4
-1.74,1.32,4
-2.13,0.57,2.74
-2,-0.26,1.22
-1.58,-0.71,-0.17
-1.14,-0.78,-1.27
-0.78,-0.66,-1.89
-0.42,-0.45,-1.83
-0.19,-0.36,-0.91
-0.12,-0.14,-0.2
-0.16,0.23,-0.42
-0.23,0.27,-0.98
-0.22,-0.04,-1.44
-0.17,-0.29,-1.42
-0.14,-0.27,-1.5
-0.09,-0.2,-1.59
-0.02,-0.31,-1.39
0.11,-0.22,-0.81
0.18,-0.12,-0.46
0.24,-0.15,-0.25
0.32,-0.19,0.05
0.38,-0.25,0.18
0.42,-0.23,0.16
0.48,-0.15,0.13
0.53,-0.07,0.1
0.59,-0.01,0.05
0.64,0,0.04
0.65,0.02,-0.06
0.64,0,-0.2
0.65,-0.05,-0.19
0.65,-0.03,0.03
0.66,0,0.24
0.7,0.07,0.63
0.77,0.23,1.04
0.78,0.23,0.92
0.78,0.14,0.58
0.76,0.08,0.3
0.73,0,0.05
0.69,-0.06,-0.13
0.62,-0.03,-0.25
0.54,-0.05,-0.23
0.48,-0.09,0
0.41,-0.07,0.46
0.41,0.05,1.02
0.44,0.23,1.33
0.47,0.28,1.39
0.47,0.22,1.32
0.45,0.14,1.06
0.39,0.09,0.74
0.31,-0.01,0.5
0.23,0,0.46
0.15,-0.08,0.31
0.08,-0.15,0.36
0.04,-0.17,0.59
0.01,-0.1,0.99
0.1,0.02,1.63
0.2,0.19,2.2
0.3,0.33,2.54
0.33,0.29,2.48
0.26,0.19,2.07
0.16,0.12,1.55
0.08,0.02,1.11
0.1,0,0.98
0.09,-0.01,0.89
0.09,0.01,0.79
0.1,0,0.8
0.09,-0.04,0.88
0.12,-0.07,1.09
0.17,-0.07,1.47
0.18,0,1.64
0.16,0.07,1.52
0.15,0.09,1.4
0.12,0.11,1.22
0.09,0.12,1.05
0.05,0.11,0.96
0.05,0.04,0.87
0.04,-0.01,0.87
0.03,0,0.87
0.03,0,0.86
0.04,0,0.93
0.06,0.05,1.04
0.06,0.11,1.1
0.07,0.12,1.12
0.07,0.07,1.23
0.07,0.11,1.31
0.05,0.12,1.25
0.01,0.08,1.11
-0.02,0.03,0.94
-0.03,0.01,0.86
-0.02,-0.01,0.84
0,-0.05,0.88
0,-0.03,0.92
0.01,0.01,0.91
0.02,0.04,0.93
0.03,0.04,0.98
0.03,0.12,1.06
0.04,0.09,1.1
0.03,0.06,1.12
0.01,0.12,1.05
-0.01,0.14,0.9
-0.01,0.06,0.88
0,0.02,0.97
0,0.02,1
0,0.03,0.98
0.01,0.03,0.99
0.01,0.06,1
0.01,0.11,0.98
0.01,0.1,0.97
0.01,0.08,1.01
0.01,0.08,1.04
0.01,0.04,1.03
0.01,0.03,1.01
-0.01,0.02,0.98
-0.01,0.02,0.96
-0.01,0.01,0.94
-0.01,0.03,0.93
0,0.04,0.95
-0.01,0.09,0.98
-0.01,0.08,0.96
-0.01,0.04,0.97
0,0.02,1
-0.01,0.02,1.01
-0.01,0.03,0.98
-0.01,0.01,0.96
-0.17,-0.63,2.99
-0.01,0.28,4
0,1.25,4
-0.35,1.66,4
-0.64,1.56,4
-1.25,1.52,4
-2.47,2.05,4
-3.8,1.7,3.87
-3.93,0.55,0.96
-3.25,-0.55,-0.77
-2.45,-0.86,-2.07
-1.6,-0.83,-3.27
-0.98,-0.96,-3.8
-0.49,-0.65,-3.41
-0.18,-0.29,-2.86
-0.05,-0.27,-2.33
0.05,-0.27,-1.64
0.1,-0.38,-1.09
0.12,-0.4,-0.93
0.11,-0.3,-0.98
0.11,-0.34,-1.08
0.17,-0.36,-0.92
0.19,-0.38,-0.82
0.25,-0.29,-0.7
0.28,-0.14,-0.38
0.36,-0.09,0.08
0.41,-0.06,0.47
0.49,0.12,0.87
0.54,0.15,1
0.59,0.21,0.93
0.61,0.15,0.75
0.64,0.09,0.59
0.65,0.08,0.39
0.66,0.02,0.17
0.66,-0.04,0.01
0.63,-0.06,-0.16
0.6,-0.1,-0.26
0.58,-0.1,-0.09
0.59,0,0.18
0.56,0.08,0.22
0.55,0.07,0.28
0.52,0.03,0.46
0.5,0.07,0.46
0.45,0.09,0.28
0.37,0.06,0.13
0.29,0.01,0.03
0.19,0.02,0.08
0.07,-0.1,0.09
-0.05,0,0.28
-0.11,0.05,0.58
-0.14,0.05,0.86
-0.17,0.04,1.02
-0.14,0.06,1.45
-0.06,0.06,2.04
0.07,0.12,2.42
0.17,0.13,2.47
0.19,0.11,2.28
0.13,0.04,2.02
0.1,0.06,1.71
0.04,0.05,1.45
0.05,0.05,1.34
0.08,0.12,1.46
0.1,0.06,1.55
0.1,0.01,1.56
0.1,0.03,1.53
0.11,-0.02,1.51
0.09,-0.08,1.46
0.06,-0.04,1.27
0.04,0.01,1.11
0.04,0,1.08
0.05,-0.02,1.09
0.06,-0.04,1.11
0.07,-0.05,1.14
0.08,-0.03,1.15
0.08,-0.01,1.15
0.08,-0.01,1.15
0.08,0,1.11
0.07,0.02,1.07
0.06,0.05,1
0.06,0.04,0.95
0.05,0.04,0.91
0.05,0.04,0.9
0.05,0.05,0.97
0.06,0.06,1.04
0.05,0.08,1.05
0.04,0.06,1.05
0.03,0.05,1.03
0.02,0.03,1
0.02,0.02,1.02
0.02,0.01,1.01
0.02,-0.03,0.94
0.02,-0.02,0.89
0.03,0.04,0.86
0.03,0.06,0.85
0.04,0.04,0.89
0.04,0.02,0.94
0.03,0,0.94
0.04,0,0.98
0.03,0.03,1.01
0.03,0.04,0.98
0.02,0.06,1
0.02,0.08,0.98
0.01,0.04,0.96
0.01,0.06,0.95
0.01,0.09,0.94
0.01,0.07,0.96
0.01,0.05,1
0.02,0.09,0.99
0.02,0.09,0.99
0.02,0.07,1.02
0.02,0.06,1.02
0.01,0.08,0.97
0.02,0.09,0.97
0.02,0.11,0.97
0.02,0.1,0.97
0.02,0.05,0.97
0.02,0.03,0.95
0.02,0.04,0.91
0.03,0.06,0.92
0.04,0.09,0.95
0.05,0.13,0.98
0.06,0.13,1
0.06,0.13,1.02
0.06,0.12,1
0.05,0.07,0.98
0.05,0.03,0.99
0.03,0.03,0.98
0.01,0.03,0.94
0.21,0.37,3.61
0.26,0.74,4
-0.04,1.3,4
-0.46,1.93,4
-0.91,1.61,4
-1.63,1.51,4
-2.75,1.45,4
-3.21,0.68,2.31
-2.76,-0.4,1.2
-2.26,-0.92,0.46
-1.77,-0.98,-0.81
-1.36,-0.95,-2.18
-0.86,-0.87,-3.18
-0.47,-0.74,-3.2
-0.19,-0.49,-2.61
-0.06,-0.12,-1.98
0.01,0.13,-1.32
0.05,-0.04,-0.83
0.04,-0.23,-0.81
0,-0.29,-1.07
0,-0.34,-1.34
0.03,-0.37,-1.36
0.07,-0.48,-1.26
0.17,-0.3,-1.09
0.15,-0.32,-1.06
0.2,-0.21,-0.62
0.28,-0.07,0.06
0.39,0.02,0.62
0.5,0.2,0.9
0.55,0.18,0.76
0.6,0.1,0.57
0.65,0.06,0.47
0.69,0.07,0.35
0.71,0.1,0.17
0.71,0.08,0
0.71,0.02,-0.13
0.69,0,-0.25
0.65,-0.03,-0.32
0.6,-0.04,-0.29
0.56,-0.02,-0.12
0.52,0.03,0.04
0.49,0.05,0.19
0.46,0.03,0.28
0.39,0.07,0.33
0.36,0.16,0.36
0.3,0.07,0.32
0.19,-0.04,0.26
0.09,-0.02,0.32
0,-0.06,0.47
-0.09,-0.05,0.79
-0.09,-0.03,1.2
-0.05,0.1,1.64
0.03,0.21,1.97
0.07,0.32,2.1
0.08,0.33,1.83
0.02,0.28,1.5
-0.03,0.22,1.3
-0.07,0.05,1.11
-0.11,-0.01,1.05
-0.09,0.01,1.19
-0.06,-0.03,1.6
0.03,-0.02,2.05
0.11,0.14,2.3
0.13,0.33,2.25
0.08,0.35,1.93
0.02,0.26,1.6
-0.04,0.2,1.34
-0.05,0.16,1.08
-0.07,0.09,1.03
-0.06,0,0.99
-0.05,-0.05,0.99
-0.03,-0.06,1.09
-0.02,-0.01,1.15
0,0.01,1.21
0.01,0.01,1.28
0,0.1,1.23
-0.03,0.13,1.04
-0.05,0.09,0.95
-0.07,0.04,0.94
-0.07,0.05,0.88
-0.07,0,0.87
-0.06,-0.06,0.95
-0.04,-0.02,1.01
-0.06,0.08,0.96
-0.05,0.07,0.95
-0.03,0.01,1.11
-0.03,0.05,1.18
-0.04,0.11,1.14
-0.06,0.1,1.09
-0.07,0.09,1.08
-0.07,0.07,1.08
-0.08,0.08,1.03
-0.1,0.14,0.95
-0.1,0.11,0.93
-0.09,0.04,0.97
-0.1,0,0.95
-0.1,-0.01,0.9
-0.09,-0.01,0.92
-0.09,0.01,0.94
-0.08,0.08,0.94
-0.08,0.13,0.96
-0.08,0.14,1.01
-0.08,0.09,1.04
-0.09,0.08,1.02
-0.09,0.07,0.98
-0.09,0.05,0.97
-0.08,0.09,1
-0.08,0.1,1.03
-0.08,0.11,1.04
-0.09,0.12,0.99
-0.08,0.08,1.02
-0.08,0.12,1.03
-0.08,0.14,0.99
-0.08,0.13,1.01
-0.07,0.11,1.03
-0.07,0.12,0.99
-0.07,0.1,0.95
-0.06,0.09,0.94
-0.05,0.1,0.96
-0.05,0.1,0.96
-0.05,0.07,0.93
-0.05,0.04,0.93
-0.05,0.07,0.95
-0.05,0.09,0.96
-0.05,0.09,0.97
-0.05,0.11,0.99
-0.05,0.14,0.98
-0.05,0.1,0.98
-0.08,-0.11,3.14
-0.13,0.31,3.6
-0.19,0.8,3.83
-0.29,0.78,4
-0.48,0.73,4
-1.06,1.16,4
-2.16,1.52,4
-3.1,1.26,3.99
-3.44,0.62,1.84
-2.99,-0.26,0.1
-2.27,-0.92,-0.8
-1.52,-0.79,-1.54
-1.03,-0.51,-2.23
-0.6,-0.46,-2.66
-0.32,-0.19,-2.66
-0.16,-0.16,-2.24
0,-0.31,-1.34
0.06,-0.37,-0.69
0.05,-0.36,-0.7
0.05,-0.48,-0.94
0.09,-0.45,-0.97
0.12,-0.3,-1.08
0.15,-0.21,-1.13
0.21,-0.22,-1.08
0.22,-0.23,-1.23
0.21,-0.31,-1.37
0.23,-0.22,-1.3
0.24,-0.16,-0.84
0.32,-0.14,-0.2
0.39,-0.12,0.13
0.42,-0.05,0.2
0.41,-0.19,-0.11
0.4,-0.13,-0.23
0.39,-0.11,-0.38
0.33,-0.21,-0.32
0.36,-0.11,0.1
0.36,0.01,0.38
0.35,0.01,0.45
0.31,-0.04,0.34
0.27,-0.02,0.23
0.21,-0.02,0.27
0.17,0.01,0.37
0.09,0.01,0.41
0.02,0.06,0.63
0,0.08,0.94
0,0.07,1.14
0.04,0.11,1.4
0.09,0.17,1.63
0.16,0.22,1.96
0.21,0.27,2.05
0.2,0.31,1.76
0.14,0.26,1.47
0.08,0.18,1.2
0.03,-0.09,1.06
0,-0.2,1.09
-0.04,-0.15,1.15
-0.05,-0.18,1.25
0,-0.18,1.65
0.07,-0.1,2.14
0.12,0.15,2.29
0.1,0.28,1.95
0.01,0.2,1.53
-0.06,0.12,1.24
-0.13,0.1,1.01
-0.13,-0.01,0.96
-0.12,-0.2,0.99
-0.11,-0.27,1.04
-0.1,-0.21,1.09
-0.07,-0.2,1.19
-0.03,-0.18,1.37
0.01,-0.08,1.49
0.02,0.02,1.46
0,0.04,1.35
-0.03,0.04,1.21
-0.06,0.02,1.04
-0.06,-0.01,0.97
-0.06,-0.06,0.98
-0.04,-0.1,0.99
-0.03,-0.11,1
-0.03,-0.11,1
-0.02,-0.11,1.02
-0.02,-0.06,1.02
-0.02,0.05,0.98
-0.02,0.1,0.98
-0.02,0.09,1.1
-0.03,0.04,1.19
-0.04,-0.02,1.18
-0.05,-0.07,1.18
-0.07,-0.07,1.12
-0.08,-0.1,0.95
-0.07,-0.12,0.92
-0.05,-0.07,0.96
-0.03,0.02,0.98
-0.01,0.09,0.99
-0.01,0.11,0.96
-0.02,0.12,0.92
-0.02,0.07,0.98
-0.02,0.03,1.03
-0.04,0.03,0.94
-0.04,-0.02,0.89
-0.04,-0.01,0.95
-0.03,0.05,0.97
-0.04,0.07,0.94
-0.04,0.08,0.85
-0.04,0.04,0.8
-0.02,0.02,0.85
-0.01,0.02,0.91
-0.01,0.05,0.95
-0.01,0.03,0.97
0,0.04,1.01
0,0.08,1.03
0.01,0.08,1.07
0,0.06,1.1
-0.02,0.05,1.01
-0.02,0.05,0.92
-0.02,0.02,0.91
-0.01,0.02,0.97
-0.01,0.04,1
0,0.06,1.02
-0.01,0.05,1.01
-0.02,0,0.97
-0.02,-0.01,0.97
-0.01,0.01,1
-0.01,0.03,1.02
-0.02,0.04,1.01
-0.03,0,0.98
-0.04,-0.02,0.97
-0.03,-0.02,0.97
0.22,-0.14,3.92
0.04,0.33,4
-0.25,0.84,4
-0.66,0.97,4
-1.38,1.57,4
-2.43,2.1,4
-3.4,1.94,3.89
-3.57,1.1,2.03
-3.19,-0.36,0.98
-2.54,-1.35,-0.01
-1.92,-1.41,-0.99
-1.44,-1.16,-1.81
-0.99,-0.71,-2.31
-0.65,-0.26,-2.57
-0.35,-0.23,-2.23
-0.12,-0.05,-1.47
-0.09,0.15,-1.52
-0.07,0.07,-1.79
-0.14,-0.12,-1.76
-0.03,-0.28,-1.67
0.06,-0.28,-1.31
0.13,-0.12,-1.05
0.17,-0.17,-1.1
0.18,-0.29,-1.07
0.25,-0.22,-0.7
0.3,-0.18,-0.38
0.35,-0.22,-0.21
0.37,-0.19,-0.28
0.39,-0.07,-0.42
0.42,0.04,-0.51
0.4,-0.05,-0.64
0.38,-0.08,-0.64
0.34,-0.16,-0.57
0.31,-0.16,-0.23
0.34,-0.1,0.18
0.38,-0.09,0.57
0.47,-0.08,0.95
0.52,0,0.99
0.52,0.04,0.69
0.47,0.01,0.36
0.41,-0.03,0.13
0.32,-0.02,0
0.21,-0.06,-0.1
0.09,-0.04,0.05
0,0.06,0.34
-0.05,0.05,0.65
-0.09,0.04,0.96
-0.1,0.15,1.23
-0.07,0.22,1.39
0.16,0.08,1.53
-0.04,0.09,2.09
0.18,0.29,2.78
0.36,0.31,2.89
0.35,0.19,2.47
0.31,0.35,2
0.22,0.51,1.53
0.15,0.38,1.05
0.14,0.13,0.85
0.11,0.04,0.84
0.11,0.04,0.81
0.1,-0.01,0.87
0.13,-0.07,1.13
0.19,-0.11,1.52
0.22,-0.03,1.78
0.22,0.09,1.7
0.2,0.11,1.49
0.17,0.06,1.29
0.14,0.05,1.06
0.12,0.08,0.91
0.1,0.02,0.87
0.12,-0.01,1
0.14,-0.02,1.17
0.15,-0.04,1.22
0.14,-0.02,1.2
0.14,0.01,1.17
0.14,0.04,1.16
0.12,0.12,1.1
0.09,0.16,0.92
0.08,0.11,0.79
0.08,0.06,0.78
0.09,0.03,0.78
0.1,-0.03,0.8
0.13,-0.1,0.89
0.13,-0.13,0.97
0.13,-0.05,0.94
0.14,-0.01,0.98
0.15,-0.01,1.06
0.14,0.05,1
0.15,0.06,0.92
0.14,-0.01,0.91
0.13,0.02,0.89
0.12,0.07,0.87
0.13,0.04,0.93
0.14,0.04,1.03
0.14,0.07,1.09
0.13,0.06,1.11
0.13,0.02,1.13
0.13,0.01,1.15
0.12,0.02,1.11
0.11,0.05,1.1
0.1,0.04,1.05
0.1,0.01,1
0.11,0.01,1.01
0.11,0.03,0.98
0.11,0.03,0.97
0.12,0.01,1.01
0.13,0.04,1.04
0.13,0.05,1.02
0.13,0.04,1.03
0.13,0.06,1
0.13,0.1,0.96
0.13,0.12,0.97
0.13,0.1,0.97
0.13,0.08,0.96
0.13,0.05,0.96
0.13,0.04,0.97
0.11,0.03,0.94
0.11,-0.01,0.91
0.11,-0.03,0.9
0.11,-0.01,0.92
0.12,-0.03,0.94
0.12,-0.05,0.95
0.12,-0.04,0.95
0.12,-0.02,0.94
0.11,-0.03,0.93
0.1,-0.04,0.92
0.1,-0.04,0.92
0.11,-0.02,0.91
-0.13,-0.59,3.86
-0.38,0.11,4
-0.84,1.38,4
-1.29,1.83,4
-2.03,0.41,4
-2.42,-0.19,3.11
-1.91,-0.33,0.19
-1.25,-0.47,-1.02
-0.73,-0.18,-1.14
-0.46,0.34,-1.2
-0.28,0.62,-1.23
-0.19,0.67,-1.22
-0.23,0.72,-1.75
-0.26,0.46,-2.49
-0.26,0.04,-2.59
-0.21,-0.05,-1.66
-0.14,-0.01,-1.05
-0.11,-0.25,-1.08
-0.03,-0.4,-0.89
0.07,-0.48,-0.45
0.18,-0.51,-0.09
0.26,-0.52,0.1
0.37,-0.43,0.22
0.46,-0.25,0.27
0.55,-0.17,0.37
0.65,-0.04,0.53
0.7,0.03,0.68
0.74,0.08,0.64
0.75,0.09,0.51
0.77,0.07,0.47
0.76,0.02,0.38
0.78,-0.01,0.34
0.8,0,0.39
0.8,0.01,0.33
0.8,-0.02,0.2
0.79,0.02,0.14
0.78,0.02,0.21
0.79,0.01,0.44
0.78,0.1,0.53
0.77,0.09,0.48
0.76,0.05,0.53
0.76,0,0.63
0.78,-0.02,0.68
0.79,-0.01,0.64
0.78,0.04,0.53
0.78,0.05,0.4
0.76,0,0.28
0.74,-0.06,0.19
0.68,-0.11,0.19
0.6,-0.14,0.43
0.58,-0.1,0.95
0.62,0.02,1.46
0.66,0.15,1.58
0.67,0.13,1.26
0.66,0.04,0.8
0.66,-0.03,0.49
0.65,-0.03,0.35
0.62,0.01,0.26
0.6,-0.01,0.27
0.55,0,0.38
0.49,-0.02,0.63
0.48,-0.09,1.11
0.47,-0.01,1.48
0.48,0.05,1.54
0.48,0.13,1.45
0.49,0.08,1.25
0.48,0.02,0.94
0.46,0.03,0.6
0.45,-0.05,0.39
0.43,-0.11,0.27
0.38,-0.1,0.25
0.37,-0.11,0.49
0.32,-0.12,0.98
0.32,-0.05,1.41
0.28,0.05,1.59
0.27,0.06,1.59
0.31,0.01,1.5
0.3,0.05,1.3
0.28,0.04,1.05
0.27,0.03,0.88
0.27,-0.03,0.76
0.26,-0.11,0.68
0.26,-0.06,0.66
0.25,-0.03,0.69
0.22,-0.08,0.82
0.2,-0.11,1.1
0.21,-0.01,1.38
0.2,0.12,1.41
0.19,0.12,1.31
0.19,0.08,1.22
0.18,0.05,1.07
0.16,0.03,0.89
0.15,0,0.77
0.13,-0.03,0.74
0.13,-0.02,0.73
0.13,0,0.74
0.12,0.01,0.85
0.13,0.02,1.09
0.13,0.13,1.31
0.13,0.17,1.36
0.12,0.16,1.3
0.11,0.14,1.22
0.1,0.09,1.09
0.09,0.04,0.93
0.08,0.04,0.89
0.08,0.04,0.88
0.09,0.02,0.84
0.09,0,0.86
0.09,0.05,0.93
0.09,0.09,1.05
0.1,0.1,1.26
0.11,0.14,1.31
0.1,0.15,1.19
0.08,0.09,1.08
0.07,0.1,1
0.06,0.06,0.9
0.06,0.02,0.9
0.06,0.02,0.92
0.07,0.02,0.9
0.07,0.01,0.9
0.07,0.04,0.95
0.07,0.04,1
0.07,0.06,1.07
0.08,0.11,1.12
0.07,0.09,1.04
0.06,0.07,0.96
0.06,0.06,0.94
0.06,0.05,0.93
-0.53,0.2,4
-0.63,0.7,4
-1.38,2.25,4
-2.5,3.7,4
-3.46,2.3,4
-4,0.7,3.18
-3.97,-0.46,1.75
-3.47,-1.13,0.93
-2.98,-1.25,0.28
-2.45,-0.48,-0.87
-2.08,-0.78,-2.42
-1.56,-1.2,-3.77
-0.99,-0.89,-4
-0.51,-0.18,-4
-0.25,0.36,-2.98
-0.11,0.17,-1.87
-0.08,-0.12,-1.58
-0.05,-0.19,-1.85
0,-0.25,-1.79
0.13,-0.33,-1.16
0.26,-0.35,-0.49
0.41,-0.15,-0.15
0.5,0.04,-0.11
0.56,0.03,0
0.63,0.09,0.44
0.7,0.24,0.79
0.74,0.22,0.77
0.77,0.07,0.57
0.79,0,0.39
0.79,0,0.26
0.81,0.01,0.34
0.84,0.06,0.53
0.85,0.08,0.54
0.86,0.04,0.4
0.86,-0.01,0.3
0.86,-0.02,0.18
0.85,-0.07,0.06
0.82,-0.13,0
0.8,-0.14,0.03
0.76,-0.08,0.15
0.73,0,0.23
0.69,0.03,0.49
0.7,0.11,0.88
0.71,0.26,1.04
0.72,0.34,0.9
0.72,0.25,0.69
0.71,0.11,0.56
0.69,0.06,0.48
0.67,0.08,0.35
0.65,0.11,0.31
0.63,0.07,0.39
0.6,0.07,0.64
0.6,0.11,0.97
0.6,0.16,1.09
0.59,0.17,1.03
0.57,0.07,0.97
0.56,0,0.88
0.53,0.01,0.73
0.5,0.01,0.6
0.47,0.01,0.66
0.44,0.09,0.82
0.44,0.11,0.99
0.42,-0.03,1.19
0.41,-0.05,1.31
0.42,0.01,1.28
0.41,-0.02,1.17
0.39,-0.02,1.03
0.38,-0.01,0.9
0.37,-0.11,0.82
0.35,-0.16,0.87
0.36,-0.15,0.91
0.36,-0.14,0.92
0.34,-0.18,0.94
0.33,-0.2,0.95
0.33,-0.17,0.97
0.31,-0.16,0.99
0.31,-0.22,1.01
0.32,-0.2,1.05
0.29,-0.14,1.09
0.31,-0.11,1.14
0.34,-0.19,1.07
0.26,-0.23,1.03
0.25,-0.21,0.95
0.23,-0.17,0.9
0.21,-0.17,0.94
0.21,-0.11,0.94
0.19,-0.1,0.89
0.18,-0.16,0.87
0.18,-0.26,0.96
0.19,-0.25,1.13
0.19,-0.18,1.3
0.19,-0.16,1.25
0.17,-0.21,1.03
0.15,-0.27,0.92
0.15,-0.22,0.89
0.15,-0.23,0.85
0.14,-0.23,0.84
0.12,-0.16,0.84
0.11,-0.12,0.77
0.1,-0.19,0.81
0.1,-0.26,1
0.11,-0.21,1.19
0.1,-0.15,1.23
0.08,-0.13,1.07
0.07,-0.09,0.94
0.06,-0.06,0.9
0.05,-0.07,0.84
0.06,-0.07,0.8
0.05,-0.11,0.84
0.04,-0.07,0.92
0.03,-0.01,1.03
0.03,0.02,1.14
0.04,0.04,1.21
0.03,0.07,1.16
0.02,0.12,1.01
0.01,0.11,0.88
-0.01,0.07,0.85
-0.01,0.07,0.88
-0.02,0.01,0.97
-0.02,0.02,1.07
-0.01,0.06,1.15
-0.01,0.1,1.2
-0.02,0.19,1.14
-0.02,0.2,1.03
-0.02,0.17,1
-0.02,0.19,1
-0.03,0.19,0.95
-0.03,0.17,0.94
-0.34,0.31,4
-0.71,1.18,4
-1.18,2.87,4
-1.95,3.45,4
-3.28,2.68,4
-3.84,0.56,3.02
-3.17,-1.57,1.46
-2.42,-1.96,1.25
-2.04,-1.39,0.41
-1.71,0.05,-1.69
-1.2,-0.08,-2.9
-0.67,-1.08,-2.26
-0.37,-0.76,-1.78
-0.32,-0.3,-2.59
-0.26,-0.59,-2.98
-0.15,-0.51,-2.08
-0.08,-0.08,-1.21
-0.05,-0.06,-1.17
-0.04,-0.19,-1.44
0.05,-0.1,-1.35
0.17,-0.02,-1.02
0.26,0.1,-0.75
0.36,0.23,-0.54
0.45,0.28,-0.38
0.5,0.25,-0.31
0.57,0.2,-0.25
0.61,0.11,-0.15
0.64,0,-0.13
0.66,-0.06,-0.19
0.67,-0.12,-0.1
0.68,-0.06,0.17
0.74,0.07,0.45
0.78,0.17,0.55
0.8,0.21,0.58
0.85,0.29,0.59
0.85,0.23,0.41
0.83,0.17,0.18
0.81,0.16,-0.05
0.77,0.1,-0.27
0.74,0.08,-0.41
0.73,0.14,-0.23
0.7,0.06,0.11
0.67,0.05,0.38
0.61,0.18,0.57
0.58,0.32,0.77
0.56,0.31,1.01
0.51,0.25,1.11
0.63,0.25,1.17
0.61,0.22,1.23
0.65,0.15,1.13
0.64,0,1.06
0.62,-0.09,1
0.61,-0.09,0.89
0.56,-0.01,0.74
0.53,0.01,0.68
0.54,-0.06,0.72
0.5,-0.13,0.68
0.45,-0.11,0.7
0.47,-0.09,0.92
0.55,-0.04,1.29
0.59,0.07,1.67
0.6,0.21,1.73
0.55,0.33,1.44
0.5,0.35,1.11
0.49,0.19,0.93
0.5,-0.11,0.91
0.54,-0.3,0.99
0.57,-0.31,1.04
0.57,-0.22,0.99
0.48,-0.06,0.97
0.5,0.1,0.46
0.4,-0.11,0.35
0.36,-0.05,0.69
0.35,0.16,0.81
0.38,0.07,0.88
0.3,0.04,1.01
0.17,0.37,1.09
0.38,0.25,1.2
0.51,-0.18,1.18
0.15,-0.36,1.17
0.47,-0.13,0.93
0.36,-0.1,0.87
0.4,-0.23,0.96
0.33,-0.35,1.12
0.32,-0.11,1.04
0.31,0.1,0.93
0.27,-0.04,0.89
0.29,-0.14,0.94
0.3,-0.07,1.04
0.3,-0.04,0.97
0.27,-0.01,0.97
0.23,0.11,0.98
0.19,0.09,0.86
0.17,0.21,0.96
0.16,0.29,1.08
0.17,0.17,1.02
0.15,0.09,1.01
0.2,0.11,1.01
0.11,0.13,0.95
-0.18,0.14,0.89
0.09,0.39,1.03
0.14,0.37,1.09
0.09,0.01,0.92
0.13,0.14,0.96
0.14,0.04,0.97
0.09,-0.03,0.94
0.23,0.23,0.9
0.26,0.42,0.9
0.17,0.45,0.98
0.2,0.51,1.01
0.21,0.45,0.99
0.21,0.36,0.92
0.16,0.37,0.87
0.14,0.3,0.79
0.11,0.17,0.71
0.12,0.12,0.76
0.14,0.1,0.92
0.13,0.15,1.06
0.12,0.22,1.09
0.12,0.24,1.09
0.12,0.26,1.04
0.1,0.25,0.9
0.11,0.16,0.86
0.13,0.13,0.93
0.16,0.16,0.93
0.17,0.33,0.9
0.18,0.35,0.95
0.16,0.3,1
-0.18,0.53,3.26
-0.35,1.04,4
-0.59,1.45,4
-0.94,1.49,4
-1.61,0.82,4
-2.27,-0.58,4
-2.26,-1.61,2
-1.85,-1.34,0.3
-1.46,-1.18,1
-1.27,-0.33,0.79
-1.01,0.09,-1.59
-0.41,0.29,-3.88
-0.04,0.46,-4
0.15,0.22,-2.72
0.25,0.3,-1.64
0.14,0.38,-1.7
0.15,0.04,-1.77
0.22,-0.25,-1.2
0.26,-0.55,-0.77
0.28,-0.65,-0.68
0.33,-0.43,-0.55
0.39,-0.2,-0.3
0.45,-0.17,-0.22
0.45,-0.19,-0.19
0.5,-0.06,0.04
0.53,-0.01,0.16
0.54,-0.13,0.37
0.61,-0.14,0.53
0.63,-0.14,0.29
0.61,-0.08,0.12
0.63,0.06,0.19
0.6,0.1,0.05
0.57,0,-0.14
0.53,-0.05,-0.15
0.42,0.01,0.23
0.39,0.26,0.97
0.48,0.63,1.33
0.51,0.65,1
0.51,0.3,0.61
0.53,0.1,0.55
0.56,0.04,0.58
0.53,-0.05,0.53
0.47,0.01,0.65
0.46,0.31,1.05
0.47,0.47,1.38
0.47,0.49,1.41
0.43,0.51,1.34
0.43,0.44,1.36
0.44,0.32,1.42
0.47,0.27,1.24
0.48,0.21,0.96
0.48,0.03,0.9
0.48,-0.07,0.97
0.45,0.01,0.94
0.4,0.18,0.8
0.37,0.14,1.05
0.37,0.16,1.49
0.39,0.28,1.49
0.36,0.29,1.28
0.35,0.21,1.12
0.37,0.11,1.07
0.36,0.08,1.01
0.35,0.03,0.91
0.34,0.03,0.85
0.3,0.03,0.88
0.31,0.09,0.91
0.59,0.44,0.94
0.16,0.2,1.28
0.09,-0.09,1.13
0.22,0.28,0.94
0.23,0.17,1.02
0.24,0.1,1.15
0.16,0.14,1.14
0.24,0.2,1.04
0.25,0.24,0.97
0.17,0.13,0.85
0.22,0.04,0.71
0.24,0.03,0.71
0.16,0.07,0.78
0.13,0.07,0.71
0.17,0.22,0.8
0.16,0.23,1.11
0.13,0.25,1.33
0.13,0.32,1.3
0.12,0.32,1.12
0.14,0.23,0.98
0.14,0.11,0.9
0.13,0.01,0.87
0.14,-0.01,0.82
0.11,0.05,0.7
0.1,0.07,0.64
0.09,0.08,0.92
0.1,0.17,1.21
0.1,0.21,1.24
0.1,0.22,1.1
0.11,0.19,1
0.11,0.09,0.88
0.12,0.08,0.78
0.15,0.15,0.79
0.14,0.2,0.82
0.12,0.14,0.82
0.12,0.08,0.9
0.1,0,1
0.1,0.02,1.1
0.11,0.09,1.2
0.11,0.16,1.19
0.1,0.14,1.1
0.11,0.18,0.97
0.1,0.18,0.84
0.09,0.04,0.88
0.11,0.03,1.01
0.08,0.06,1.04
0.07,0.08,1.1
0.06,0.18,1.24
0.04,0.28,1.27
0.03,0.28,1.15
0.01,0.2,1
0.01,0.15,0.9
0.01,0.16,0.85
0.01,0.11,0.87
0.02,0.09,0.93
0.03,0.11,0.99
0.03,0.14,1.07
0.04,0.2,1.1
0.04,0.21,1.08
0.05,0.25,1
0.04,0.22,0.95
0.05,0.18,0.96
-0.38,0.08,3.04
-0.6,0.3,3.97
-0.71,0.56,4
-1,-0.19,4
-1.46,-1.09,4
-1.5,-0.11,2.84
-1.35,0.58,1.19
-1.06,-0.62,0.48
-0.69,-1.35,0.06
-0.47,-0.66,-1.43
-0.21,-0.03,-2.95
0.07,-0.17,-2.48
0.26,0.46,-1.28
0.21,0.66,-1.03
0.12,0.43,-1.47
0.11,0.2,-1.91
0.11,0.03,-2.04
0.12,0.1,-1.74
0.17,0.17,-1.47
0.2,0.05,-1.43
0.2,0.04,-1.12
0.25,0.04,-0.58
0.28,-0.11,-0.27
0.31,-0.24,-0.17
0.36,-0.23,0.05
0.45,-0.19,0.33
0.52,-0.17,0.42
0.59,-0.1,0.37
0.65,-0.08,0.38
0.7,-0.12,0.42
0.74,-0.16,0.34
0.72,-0.18,0.05
0.62,-0.06,0.14
0.62,0.19,0.86
0.68,0.28,1.09
0.65,0.14,0.58
0.62,0.04,0.45
0.66,0.05,0.69
0.69,-0.07,0.59
0.67,-0.18,0.22
0.61,-0.18,0.01
0.59,-0.14,0.12
0.52,-0.05,0.17
0.36,0.06,0.52
0.35,0.23,1.39
0.39,0.41,1.75
0.4,0.39,1.51
0.39,0.27,1.24
0.39,0.09,0.99
0.4,-0.08,0.72
0.35,-0.16,0.5
0.24,-0.17,0.4
0.1,-0.04,1
0.13,0.27,2.11
0.19,0.65,2.59
0.19,0.66,2.3
0.2,0.43,1.76
0.21,0.24,1.26
0.22,0.01,1.05
0.25,-0.09,1.18
0.28,0.03,1.18
0.27,0.14,0.97
0.26,0.09,0.92
0.26,0.01,1.16
0.27,0.09,1.24
0.24,0.13,1.17
0.22,0.11,1.23
0.23,0.14,1.19
0.22,0.18,1
0.22,0.16,0.83
0.25,0.09,0.76
0.24,0.04,0.78
0.23,0.04,0.78
0.21,0.07,0.76
0.18,0.07,0.96
0.18,0.12,1.29
0.18,0.23,1.35
0.17,0.23,1.15
0.17,0.16,1.02
0.17,0.09,0.96
0.17,0.14,0.89
0.16,0.15,0.85
0.16,0.05,0.87
0.16,0.01,0.84
0.17,0,0.78
0.15,0.05,0.78
0.14,0.08,0.96
0.15,0.14,1.2
0.15,0.21,1.15
0.14,0.18,0.98
0.14,0.17,0.92
0.14,0.1,0.89
0.14,0.06,0.86
0.14,0.04,0.82
0.14,0.03,0.82
0.13,0.04,0.83
0.12,0.05,0.91
0.13,0.1,1.11
0.12,0.18,1.16
0.12,0.23,1.06
0.11,0.18,0.96
0.11,0.11,0.93
0.11,0.07,0.93
0.11,0.07,0.88
0.11,0.06,0.84
0.11,0.04,0.94
0.11,0.06,0.98
0.1,0.07,0.91
0.11,0.07,0.89
0.11,0.03,0.86
0.08,0.01,0.8
0.08,0.05,0.72
0.07,0.1,0.76
0.05,0.14,0.88
0.03,0.16,1.14
0.03,0.26,1.37
0.03,0.26,1.3
0.01,0.24,1.15
0.02,0.2,1.1
0.02,0.15,1.12
0.02,0.13,1.1
0.02,0.11,1.05
0.03,0.13,1.04
0.04,0.14,1.05
0.05,0.12,1.04
0.06,0.15,1.02
0.06,0.17,1.03
0.05,0.14,1
-0.25,0.81,3.86
-0.52,1.12,4
-0.93,1.38,4
-1.21,1.43,4
-1.62,0.59,4
-2.12,-0.83,4
-2.03,-1.72,3.09
-1.83,-1.47,2.58
-1.76,-0.92,1.52
-1.6,-0.24,-0.18
-1.06,0.34,-1.56
-0.44,0.65,-2.8
-0.15,0.47,-3.39
0.06,0.55,-2.59
0.16,0.99,-1.56
0.12,1.15,-1.2
0.03,0.95,-1.29
0.05,0.36,-1.35
0.04,-0.07,-1.32
0.04,-0.19,-1.33
0.04,-0.1,-1.23
0.08,0.07,-0.99
0.12,0.1,-0.81
0.15,-0.05,-0.67
0.2,-0.15,-0.52
0.23,-0.14,-0.4
0.28,-0.11,-0.27
0.33,-0.1,-0.18
0.4,-0.13,-0.16
0.46,-0.27,0.02
0.53,-0.34,0.25
0.58,-0.29,0.38
0.61,-0.12,0.4
0.66,0.06,0.41
0.7,0.12,0.34
0.72,0.01,0.22
0.74,-0.06,0.18
0.75,0.03,0.03
0.7,0.09,-0.16
0.62,0.05,0.11
0.63,0.07,0.59
0.62,0.12,0.77
0.56,0.21,0.74
0.55,0.31,0.85
0.6,0.31,0.95
0.6,0.13,0.82
0.56,0.02,0.5
0.51,-0.05,0.49
0.47,-0.01,0.76
0.46,0.13,0.97
0.39,0.23,0.96
0.34,0.26,1.2
0.38,0.33,1.47
0.38,0.39,1.3
0.33,0.15,1.02
0.31,-0.08,0.95
0.29,-0.15,0.94
0.26,-0.07,0.99
0.2,0.13,1.22
0.16,0.24,1.59
0.17,0.36,1.98
0.2,0.5,2.13
0.23,0.48,1.86
0.22,0.34,1.33
0.23,0.21,0.99
0.25,0.1,0.8
0.25,0.02,0.58
0.24,-0.01,0.35
0.13,-0.05,0.4
0.1,-0.07,1.17
0.12,0.14,1.89
0.11,0.4,1.95
0.09,0.46,1.71
0.1,0.43,1.41
0.09,0.23,1.1
0.1,0.04,0.9
0.11,-0.01,0.83
0.12,0,0.8
0.11,-0.03,0.81
0.1,-0.05,0.85
0.08,0.02,0.96
0.06,0.07,1.2
0.07,0.2,1.39
0.07,0.29,1.3
0.07,0.2,1.12
0.05,0.2,0.92
0.08,0.07,0.87
0.09,0.03,0.89
0.08,0.1,0.88
0.06,0.18,0.91
0.06,0.14,1.01
0.05,0.05,1.09
0.06,0.05,1.09
0.07,0.07,1.08
0.06,0.09,1.05
0.07,0.18,1
0.07,0.23,0.86
0.06,0.18,0.83
0.08,0.14,0.87
0.08,0.16,0.91
0.09,0.17,0.94
0.08,0.17,0.97
0.1,0.17,1.02
0.09,0.34,1.04
0.1,0.05,1.02
0.04,-0.02,0.84
0.08,0.2,0.92
0.07,0.13,0.92
0.07,0.11,0.84
0.06,0.18,0.83
0.07,0.15,0.92
0.08,0.11,0.98
0.07,0.13,1.02
0.08,0.23,1.06
0.07,0.27,1.06
0.07,0.2,1.03
0.07,0.15,1
0.07,0.18,0.95
0.05,0.19,0.87
0.07,0.16,0.86
0.08,0.12,0.88
0.08,0.07,0.92
0.08,0.05,0.94
0.07,0.02,0.96
0.07,0.04,1.02
0.07,0.08,1.06
0.07,0.13,1.02
0.06,0.07,0.97
0.07,0.73,3.05
-0.02,0.92,3.9
-0.36,1.23,4
-0.56,1.58,4
-0.82,1.15,4
-1.16,0.19,4
-1.37,-0.35,4
-1.39,0.23,2.76
-1.23,0.45,0.98
-0.86,0.04,0.78
-0.54,-0.3,1.03
-0.49,-0.57,0.15
-0.37,-0.41,-1.43
-0.19,-0.13,-2.71
0.03,-0.06,-2.2
0.16,0.26,-0.59
0.09,0.33,-0.23
-0.05,0.13,-1.12
-0.07,0.02,-1.78
-0.05,-0.03,-1.91
-0.01,-0.07,-1.65
0,-0.02,-1.4
0.03,0.02,-1.24
0.06,-0.07,-1.05
0.11,-0.2,-0.83
0.17,-0.28,-0.73
0.18,-0.26,-0.57
0.22,-0.17,-0.15
0.3,-0.21,0.3
0.37,-0.3,0.38
0.45,-0.34,0.11
0.5,-0.36,-0.16
0.57,-0.39,-0.24
0.61,-0.36,-0.35
0.59,-0.27,-0.47
0.49,-0.03,-0.08
0.52,0.43,0.79
0.62,0.64,1.23
0.66,0.47,1.07
0.7,0.28,0.74
0.73,0.16,0.37
0.74,-0.01,-0.02
0.74,-0.09,-0.23
0.7,-0.11,-0.35
0.58,-0.16,-0.38
0.42,-0.13,-0.02
0.38,0.04,0.54
0.25,0.2,0.83
0.19,0.22,1.22
0.18,0.33,1.74
0.26,0.52,2.08
0.34,0.56,1.91
0.36,0.44,1.33
0.34,0.18,0.77
0.33,-0.13,0.37
0.25,-0.31,0.26
0.14,-0.3,0.32
0.02,-0.26,0.62
-0.09,-0.1,1.18
-0.12,0.28,1.95
-0.01,0.62,2.76
0.1,0.76,2.97
0.12,0.64,2.44
0.08,0.39,1.57
0.05,0.18,0.95
0.08,-0.04,0.6
0.1,-0.31,0.58
0.1,-0.35,0.72
0.04,-0.19,0.8
0,0.04,1.14
0.03,0.2,1.86
0.07,0.4,2.18
0.06,0.52,1.9
0.02,0.5,1.4
0.02,0.35,1.05
0.02,0.11,0.98
0.03,-0.01,0.96
0.02,-0.01,0.87
0.03,0.02,0.77
0.04,0.09,0.82
0.06,0.12,0.94
0.06,0.16,1.01
0.05,0.2,1.09
0.05,0.24,1.17
0.05,0.24,1.15
0.03,0.18,1.07
0.02,0.18,0.96
0.01,0.19,0.88
0.01,0.14,0.88
0.01,0.09,0.9
0,0.07,0.86
0,0.12,0.85
0,0.11,0.87
0,0.09,0.9
0.01,0.16,0.95
0.01,0.18,0.95
0.01,0.16,0.96
0,0.14,0.96
-0.01,0.14,0.91
-0.02,0.15,0.86
-0.02,0.09,0.83
-0.01,0.12,0.88
0,0.18,0.92
0,0.19,0.95
0,0.18,0.97
0,0.15,0.95
-0.01,0.18,0.95
-0.01,0.17,1
-0.01,0.16,1.01
-0.02,0.17,0.98
-0.02,0.18,0.98
-0.01,0.14,1
-0.02,0.11,1
-0.02,0.13,0.94
-0.02,0.15,0.93
-0.01,0.15,0.98
-0.01,0.14,1
-0.01,0.15,0.99
-0.01,0.16,1.03
-0.01,0.21,1.03
0,0.21,1.02
-0.01,0.18,1.05
-0.01,0.18,1.02
-0.02,0.15,0.98
-0.02,0.15,0.96
-0.03,0.14,0.95
-0.03,0.11,0.98
-0.03,0.07,1.01
-0.22,0.47,2.4
-0.24,0.49,2.56
-0.24,0.44,2.76
-0.24,0.32,2.97
-0.23,0.3,3.12
-0.23,0.33,3.07
-0.26,0.28,2.84
-0.28,0.16,2.58
-0.29,0.18,2.27
-0.3,0.14,1.87
-0.31,0.1,1.45
-0.27,0.04,1.04
-0.25,-0.03,0.71
-0.22,-0.02,0.5
-0.18,0.07,0.44
-0.17,0.14,0.38
-0.17,0.09,0.2
-0.17,0.03,0.11
-0.14,0,0.23
-0.08,-0.07,0.3
-0.06,-0.05,0.17
0.01,-0.11,-0.06
0.04,-0.16,-0.24
0.1,-0.17,-0.43
0.1,-0.26,-0.57
0.09,-0.26,-0.69
0.07,-0.27,-0.78
0.03,-0.28,-0.73
-0.01,-0.25,-0.48
-0.03,-0.1,-0.19
-0.05,-0.03,0.07
-0.06,0.07,0.39
-0.09,0.24,0.53
-0.12,0.27,0.52
-0.11,0.25,0.52
-0.07,0.17,0.42
-0.03,0.03,0.35
0.01,-0.07,0.44
0.05,-0.09,0.61
0.07,-0.06,0.8
0.09,0.01,0.92
0.09,0.09,0.95
0.08,0.19,0.85
0.08,0.21,0.79
0.09,0.18,0.94
0.08,0.2,0.95
0.09,0.07,0.81
0.08,0,0.76
0.1,0.01,0.81
0.11,0.08,0.82
0.12,0.18,0.87
0.12,0.26,1.02
0.14,0.33,0.99
0.13,0.38,0.82
0.12,0.4,0.81
0.11,0.3,0.92
0.1,0.24,1
0.09,0.26,1.1
0.07,0.25,1.18
0.06,0.14,1.24
0.05,0.14,1.24
0.06,0.21,1.17
0.07,0.21,1.19
0.09,0.24,1.2
0.1,0.24,1.14
0.1,0.24,1.1
0.1,0.2,1.1
0.08,0.1,1.19
0.07,0.07,1.29
0.06,0.11,1.33
0.06,0.14,1.3
0.06,0.15,1.18
0.06,0.12,1.08
0.07,0.12,1.06
0.08,0.12,1.06
0.08,0.09,1.05
0.08,0.06,1.06
0.08,0.08,1.09
0.07,0.11,1.06
0.05,0.13,1.02
0.05,0.14,1.12
0.05,0.22,1.15
0.05,0.23,1.1
0.06,0.22,1.08
0.06,0.22,1.06
0.05,0.22,1.05
0.05,0.17,1
0.04,0.15,0.95
0.04,0.11,0.98
0.03,0.11,1.01
0.03,0.18,1.02
0.03,0.22,1.05
0.03,0.23,1.1
0.03,0.25,1.22
0.04,0.27,1.27
0.03,0.26,1.18
0.02,0.25,1.02
0.03,0.2,0.95
0.04,0.16,0.97
0.04,0.15,0.96
0.04,0.12,0.94
0.04,0.1,0.94
0.04,0.1,0.95
0.04,0.12,0.97
0.04,0.12,0.98
0.03,0.12,0.99
0.03,0.17,1.01
0.03,0.21,1.01
0.02,0.24,1
0.02,0.26,0.99
0.01,0.26,0.98
0.01,0.22,0.96
0.01,0.19,0.96
0.01,0.14,0.94
0,0.1,0.96
0.01,0.09,1
0.01,0.09,1
0.01,0.12,0.97
0.02,0.19,0.94
0.02,0.19,0.93
0.02,0.17,0.92
0.02,0.18,0.93
0.02,0.18,0.97
0.03,0.16,1
0.03,0.15,1
0.02,0.15,0.99
0.02,0.16,0.96
0.01,0.13,0.94
-0.44,0.93,4
-0.85,1.43,4
-1.38,2.13,4
-1.9,3.09,4
-2.97,1.97,4
-3.57,0.19,4
-3.54,-0.5,2.39
-2.95,-0.11,0.06
-2.15,-0.52,-1.88
-1.23,-1.56,-3.34
-0.56,-2.04,-4
-0.14,-1.22,-3.71
0,-0.22,-2.59
-0.02,-0.03,-1.47
-0.07,-0.24,-1.13
-0.15,-0.62,-1.58
-0.13,-0.77,-1.85
-0.05,-0.59,-1.76
0.06,-0.41,-1.28
0.17,-0.18,-0.73
0.29,0.07,-0.45
0.36,0.16,-0.34
0.42,0.2,-0.21
0.51,0.24,0.08
0.6,0.22,0.25
0.64,0.2,0.33
0.7,0.17,0.11
0.74,0.01,-0.17
0.74,-0.1,-0.36
0.73,-0.11,-0.4
0.69,-0.13,-0.35
0.61,-0.14,-0.27
0.54,-0.15,-0.07
0.51,-0.05,0.14
0.44,-0.06,0.12
0.32,-0.15,0.01
0.2,-0.11,0.32
0.19,0.14,0.87
0.27,0.39,1.14
0.28,0.41,1.08
0.25,0.29,0.88
0.21,0.05,0.69
0.15,-0.11,0.63
0.06,-0.1,0.68
0,0.03,0.96
-0.1,0.23,1.28
-0.15,0.45,1.92
-0.01,0.75,2.6
0.1,0.9,2.74
0.11,0.83,2.21
0.08,0.6,1.5
0.09,0.37,1.06
0.11,0.09,0.93
0.11,-0.1,0.86
0.09,-0.13,0.64
0.01,-0.17,0.65
0,-0.04,1.22
0.04,0.23,1.91
0.06,0.53,2.18
0.05,0.66,1.93
0,0.5,1.42
-0.01,0.31,1.05
-0.02,0.18,0.92
-0.01,0.08,0.79
-0.01,-0.03,0.74
0.02,-0.02,0.78
0.03,0.08,0.87
0.02,0.08,0.94
0.02,0.14,1.13
0.02,0.25,1.31
0.02,0.27,1.23
0,0.21,1.1
-0.01,0.19,1.01
-0.02,0.19,0.93
-0.03,0.14,0.9
-0.03,0.05,0.94
-0.03,0.05,0.95
-0.02,0.12,0.88
-0.02,0.14,0.9
-0.01,0.17,0.97
0,0.2,1.01
0.01,0.29,1.08
0.01,0.31,1.1
0,0.28,1.01
-0.01,0.2,0.91
-0.02,0.13,0.92
-0.03,0.12,0.96
-0.04,0.15,0.92
-0.04,0.11,0.94
-0.03,0.11,0.96
-0.03,0.18,0.93
-0.03,0.22,0.82
-0.02,0.16,0.86
-0.02,0.17,0.98
-0.02,0.21,1
-0.02,0.24,1.07
-0.02,0.24,1.12
-0.03,0.23,1.08
-0.03,0.29,1.06
-0.03,0.29,1.05
-0.04,0.21,0.97
-0.05,0.17,0.95
-0.04,0.17,0.97
-0.04,0.16,0.91
-0.04,0.14,0.89
-0.04,0.15,0.9
-0.04,0.15,0.94
-0.03,0.15,1.01
-0.03,0.19,1.03
-0.04,0.21,0.98
-0.04,0.19,0.94
-0.04,0.16,0.98
-0.05,0.15,1
-0.05,0.14,0.96
-0.06,0.13,0.94
-0.06,0.14,0.93
-0.06,0.15,0.96
-0.06,0.15,0.97
-0.06,0.14,0.98
-0.05,0.13,1.01
-0.05,0.17,1
-0.05,0.17,0.99
-0.04,0.15,1
-0.04,0.18,0.97
-0.05,0.21,0.9
-0.06,0.17,0.91
-0.05,0.12,0.96
-0.05,0.15,0.96
-0.25,0.99,4
-0.7,1.59,4
-1.13,2.01,4
-1.72,2.61,4
-2.92,1.76,4
-3.69,-0.67,3.01
-2.95,-1.87,0.21
-1.99,-2.04,-0.96
-1.34,-1.42,-0.36
-0.96,0.54,0.17
-0.97,1.52,-1.17
-0.7,0.6,-1.2
-0.36,-0.08,-0.93
-0.28,-0.18,-2.47
-0.17,-0.25,-3.74
0.02,-0.37,-3.23
0.21,-0.23,-2
0.28,0.2,-1.36
0.29,0.35,-1.32
0.29,-0.01,-1.35
0.29,-0.38,-1.12
0.31,-0.53,-0.82
0.35,-0.6,-0.63
0.35,-0.54,-0.62
0.35,-0.47,-0.65
0.31,-0.34,-0.4
0.32,-0.11,0.21
0.41,0.11,0.5
0.47,-0.01,0.33
0.51,-0.21,0.14
0.55,-0.29,0.05
0.55,-0.23,-0.22
0.5,-0.23,-0.43
0.44,-0.25,-0.29
0.38,-0.13,-0.17
0.28,-0.01,-0.19
0.17,0.04,-0.06
0.04,0.01,0.19
-0.07,0.1,0.66
-0.07,0.34,1.31
0.05,0.6,1.61
0.11,0.65,1.42
0.08,0.33,0.93
0.01,-0.05,0.68
-0.07,-0.14,0.54
-0.18,-0.09,0.45
-0.37,-0.08,0.68
-0.42,0.09,1.59
-0.35,0.47,2.42
-0.26,0.81,2.91
-0.15,0.89,3.32
-0.08,0.86,3.3
-0.08,0.64,2.46
-0.13,0.32,1.59
-0.11,0.11,1.05
-0.08,-0.07,0.79
-0.05,-0.23,0.74
-0.04,-0.1,0.71
-0.06,0.03,0.71
-0.05,0.1,1.2
-0.01,0.26,1.85
0.02,0.47,1.98
-0.01,0.44,1.65
-0.02,0.27,1.37
-0.04,0.28,1.11
-0.06,0.21,0.86
-0.06,0.05,0.8
-0.05,0.1,0.8
-0.04,0.16,0.82
-0.03,0.13,1.05
-0.02,0.17,1.22
-0.01,0.29,1.2
-0.02,0.3,1.14
-0.03,0.23,1
-0.02,0.16,0.84
-0.03,0.15,0.78
-0.03,0.23,0.72
-0.02,0.13,0.81
-0.01,0.01,0.99
0,0.1,0.97
-0.01,0.23,0.87
-0.01,0.22,0.86
0,0.15,0.96
0,0.17,1
-0.02,0.21,0.92
-0.03,0.17,0.86
-0.03,0.11,0.91
-0.03,0.1,0.92
-0.04,0.09,0.93
-0.04,0.09,0.98
-0.04,0.12,1.05
-0.03,0.17,1.06
-0.03,0.23,1.04
-0.03,0.24,1.01
-0.03,0.23,0.94
-0.03,0.19,0.83
-0.03,0.11,0.85
-0.02,0.13,0.95
-0.03,0.16,0.99
-0.03,0.16,0.98
-0.04,0.16,0.94
-0.04,0.16,0.98
-0.03,0.17,1.04
-0.04,0.21,1.04
-0.04,0.24,1
-0.04,0.21,0.97
-0.04,0.17,0.96
-0.04,0.18,0.94
-0.04,0.19,0.92
-0.04,0.17,0.9
-0.05,0.11,0.91
-0.04,0.14,0.93
-0.04,0.13,0.95
-0.04,0.13,0.97
-0.04,0.17,0.98
-0.04,0.17,1
-0.04,0.18,1.03
-0.04,0.2,1.02
-0.05,0.19,1.04
-0.05,0.18,1
-0.06,0.21,0.92
-0.06,0.19,0.86
-0.06,0.14,0.87
-0.06,0.17,0.88
-0.06,0.13,0.91
-0.06,0.1,0.97
-0.05,0.19,1.03
-0.05,0.21,1.05
-0.14,0.72,3.32
-0.35,1.27,4
-0.54,1.75,4
-0.94,2.05,4
-1.58,1.98,3.83
-1.94,1.07,2.74
-1.96,-0.14,3.04
-1.93,-0.83,3.38
-2.05,-0.9,2.7
-1.95,-0.73,1.79
-1.8,-0.45,0.78
-1.46,-0.02,-0.73
-0.88,-0.09,-1.91
-0.39,-0.24,-2.78
0.05,-0.2,-3.13
0.24,-0.39,-2.76
0.31,-0.08,-1.79
0.26,0.42,-0.67
0.42,0.39,-0.31
0.18,-0.15,-1.18
0.15,-0.38,-1.51
0.23,-0.38,-1.29
0.25,-0.47,-1.19
0.27,-0.41,-1.14
0.32,-0.14,-1.04
0.38,-0.13,-0.94
0.42,-0.27,-0.91
0.44,-0.29,-0.8
0.45,-0.11,-0.64
0.47,0.07,-0.63
0.43,0.02,-0.53
0.45,0.08,0.18
0.56,0.23,0.63
0.61,0.13,0.39
0.63,-0.04,0.09
0.65,-0.07,-0.03
0.63,-0.08,-0.14
0.56,-0.08,-0.27
0.45,-0.16,-0.18
0.34,-0.11,0.33
0.29,0.08,1.05
0.32,0.37,1.48
0.34,0.5,1.43
0.36,0.42,1.49
0.46,0.28,1.64
0.53,0.12,1.45
0.52,0.11,0.78
0.49,0.02,0.08
0.43,-0.27,-0.2
0.32,-0.44,-0.21
0.14,-0.5,-0.05
-0.03,-0.26,0.56
-0.1,0.17,1.33
-0.08,0.67,2.04
0.03,1.04,2.6
0.14,1.05,2.61
0.13,0.74,1.97
0.1,0.48,1.11
0.08,0.16,0.59
0.09,-0.15,0.36
0.03,-0.26,0.2
-0.09,-0.2,0.21
-0.22,0.01,0.83
-0.15,0.29,2.1
-0.1,0.65,2.97
-0.03,0.92,2.85
-0.08,0.76,1.96
-0.11,0.44,1.19
-0.08,0.21,0.83
-0.07,0.07,0.66
-0.06,0.09,0.55
-0.08,0.05,0.58
-0.07,-0.05,0.83
-0.06,0.01,1.12
-0.07,0.13,1.32
-0.08,0.29,1.6
-0.06,0.44,1.77
-0.05,0.44,1.54
-0.09,0.44,1.12
-0.11,0.43,0.88
-0.12,0.27,0.84
-0.11,0.14,0.91
-0.1,0.07,1
-0.08,0.16,1.03
-0.08,0.16,1.15
-0.08,0.2,1.18
-0.07,0.23,1.13
-0.07,0.22,1.01
-0.07,0.25,0.83
-0.06,0.2,0.78
-0.05,0.22,0.85
-0.06,0.2,0.94
-0.06,0.15,1
-0.06,0.19,0.95
-0.06,0.15,0.98
-0.05,0.13,1.1
-0.05,0.17,1.04
-0.05,0.13,0.9
-0.05,0.07,0.85
-0.04,0.13,0.74
-0.05,0.24,0.7
-0.03,0.18,0.92
-0.03,0.08,1.08
-0.04,0.13,1
-0.04,0.18,0.96
-0.03,0.17,0.96
-0.03,0.2,0.89
-0.03,0.19,0.87
-0.02,0.15,0.93
-0.03,0.19,0.94
-0.03,0.23,0.92
-0.02,0.26,0.97
-0.03,0.26,0.97
-0.04,0.2,0.9
-0.04,0.19,0.87
-0.03,0.29,0.85
-0.05,0.21,0.86
-0.05,0.12,0.96
-0.06,0.16,1.02
-0.07,0.17,1.1
-0.06,0.15,1.15
-0.06,0.13,1.06
-0.06,0.15,0.97
-0.05,0.18,0.95
-0.05,0.24,0.93
-0.05,0.28,0.89
-0.04,0.21,0.93
-0.04,0.17,0.97
-0.24,0.64,3.41
-0.35,0.7,3.94
-0.59,1.03,4
-0.81,1.15,3.79
-0.97,0.67,3.8
-1.31,0.23,4
-1.75,-0.01,4
-2.24,-0.03,3.43
-2.34,-0.11,1.46
-2,-0.33,0.01
-1.55,-0.57,-0.78
-1.17,-0.59,-0.7
-0.92,-0.38,-0.15
-0.75,-0.51,-0.28
-0.59,-0.65,-1.31
-0.36,-0.47,-2.43
-0.12,-0.15,-3.24
0.09,0,-3.45
0.21,0.05,-2.65
0.28,0.21,-1.44
0.33,0.54,-0.78
0.32,0.66,-0.87
0.34,0.59,-1.05
0.37,0.47,-0.97
0.4,0.32,-0.72
0.47,0.19,-0.27
0.51,0.07,0.07
0.56,0.04,0.06
0.59,0.05,-0.15
0.65,0.07,-0.28
0.68,0.07,-0.29
0.7,0.09,-0.26
0.69,0.14,-0.25
0.68,0.29,-0.22
0.65,0.54,-0.15
0.61,0.54,0.22
0.62,0.45,0.75
0.68,0.44,1.04
0.69,0.49,0.8
0.67,0.49,0.37
0.67,0.33,0.32
0.69,0.2,0.34
0.67,0.19,0.12
0.61,0.19,-0.06
0.56,0.11,-0.01
0.51,0.11,0.08
0.41,0.19,0.05
0.35,0.24,0.49
0.26,0.32,1.12
0.29,0.51,1.42
0.31,0.68,1.38
0.31,0.55,1.12
0.29,0.39,0.82
0.21,0.18,0.48
0.16,-0.06,0.37
0.09,-0.24,0.49
0.05,-0.12,0.74
0.09,0.17,1.24
0.01,0.34,1.57
-0.01,0.43,2.01
0.07,0.52,2.56
0.12,0.53,2.58
0.1,0.44,1.95
0.04,0.35,1.22
0.06,0.3,0.74
0.08,0.11,0.48
0.06,-0.23,0.46
0.03,-0.33,0.67
0,-0.22,1.17
0.01,-0.09,1.78
0.02,0.03,2.18
0.01,0.13,2.11
0,0.18,1.62
-0.01,0.11,1.26
0.01,0.06,1.05
0.01,0.07,0.8
-0.01,0,0.65
0.03,-0.12,0.73
0.03,-0.16,0.85
0.02,-0.19,0.91
0.02,-0.18,0.94
0.01,-0.19,1
0,-0.2,1.07
0,-0.22,1.15
0,-0.19,1.14
-0.01,-0.12,0.98
-0.01,0.02,0.89
-0.01,0.25,0.84
-0.02,0.29,0.81
-0.03,0.21,0.95
-0.05,0.11,1.06
-0.09,-0.05,1.05
-0.1,-0.16,1.18
-0.09,-0.24,1.28
-0.08,-0.22,1.23
-0.08,-0.18,1.09
-0.07,-0.2,1.01
-0.06,-0.11,0.95
-0.05,0.02,0.84
-0.05,-0.08,0.81
-0.04,-0.16,0.87
-0.04,-0.16,0.92
-0.04,-0.13,0.94
-0.05,-0.15,0.96
-0.06,-0.18,1.02
-0.05,-0.14,1.08
-0.06,-0.15,1.07
-0.06,-0.14,1.01
-0.06,-0.08,0.95
-0.06,-0.07,0.89
-0.06,-0.15,0.87
-0.07,-0.19,0.93
-0.07,-0.17,0.96
-0.07,-0.17,0.96
-0.07,-0.18,0.99
-0.08,-0.13,0.99
-0.08,-0.1,1.04
-0.07,-0.12,1.1
-0.07,-0.07,1.02
-0.07,-0.04,0.91
-0.06,-0.09,0.92
-0.06,-0.11,0.93
-0.07,-0.15,0.92
-0.07,-0.16,0.96
-0.07,-0.13,1
-0.07,-0.11,0.98
-0.07,-0.13,0.96
-0.07,-0.12,0.99
-0.5,-2.01,1.83
-0.6,-2.24,2.78
-0.64,-1.87,3.98
-0.61,-0.36,4
-0.58,1.05,4
-0.82,1.04,4
-1.29,0.08,4
-1.69,-0.53,2.82
-1.82,-0.77,1.22
-1.79,-1.25,0.55
-1.58,-1.46,0.44
-1.53,-1.47,0.19
-1.34,-0.87,-0.37
-1.12,-0.46,-1.68
-0.82,-0.6,-2.85
-0.49,-0.74,-2.9
-0.19,-0.57,-2.15
-0.07,-0.36,-1.77
-0.04,-0.41,-1.63
-0.02,-0.38,-1.23
0.02,-0.33,-0.81
0.03,-0.46,-0.78
0.03,-0.6,-0.92
0.05,-0.53,-0.8
0.07,-0.62,-0.42
0.11,-0.74,-0.28
0.14,-0.66,-0.44
0.16,-0.48,-0.49
0.21,-0.31,-0.23
0.24,-0.23,0.14
0.28,-0.21,0.52
0.33,-0.23,0.63
0.34,-0.33,0.48
0.35,-0.51,0.32
0.34,-0.71,0.26
0.35,-0.89,0.13
0.34,-1.03,-0.05
0.38,-0.95,-0.06
0.36,-0.72,-0.02
0.34,-0.53,0.23
0.38,-0.43,0.67
0.41,-0.41,0.93
0.44,-0.48,0.79
0.43,-0.52,0.39
0.41,-0.52,0.08
0.38,-0.52,-0.07
0.32,-0.61,-0.07
0.28,-0.63,0.05
0.22,-0.45,0.17
0.16,-0.35,0.52
0.14,-0.33,0.82
0.09,-0.37,1.02
0.06,-0.36,1.33
0.1,-0.2,1.76
0.17,-0.05,1.99
0.21,0.03,1.76
0.2,-0.01,1.28
0.16,-0.21,0.93
0.13,-0.48,0.76
0.13,-0.68,0.62
0.08,-0.79,0.5
0.02,-0.74,0.43
-0.03,-0.64,0.52
-0.04,-0.59,0.91
-0.05,-0.42,1.47
0,-0.07,1.81
0.05,0.08,1.85
0.06,0.04,1.74
0.06,0,1.52
0.03,-0.09,1.28
0,-0.27,1.08
-0.03,-0.45,0.91
-0.02,-0.59,0.86
-0.02,-0.61,0.82
0.02,-0.45,0.71
0.03,-0.21,0.67
0,-0.22,0.8
0.01,-0.14,1.32
0.03,-0.02,1.68
0.01,0.02,1.69
0,-0.08,1.57
-0.02,-0.2,1.34
-0.05,-0.25,1.05
-0.04,-0.29,0.77
-0.04,-0.31,0.67
-0.03,-0.35,0.76
-0.01,-0.3,0.93
-0.01,-0.19,1.03
-0.02,-0.17,0.95
-0.01,-0.05,1.03
0,0.09,1.14
-0.02,0.04,1.14
-0.04,-0.06,1.19
-0.06,-0.19,1.19
-0.08,-0.29,1.08
-0.09,-0.3,0.94
-0.08,-0.3,0.89
-0.08,-0.3,0.88
-0.05,-0.27,0.88
-0.03,-0.21,1.02
-0.02,-0.04,0.97
-0.03,0.04,0.92
-0.03,0.03,1
-0.03,0.02,1.08
-0.05,-0.01,1.05
-0.06,-0.09,0.99
-0.06,-0.14,1.02
-0.07,-0.22,0.99
-0.08,-0.2,0.92
-0.06,-0.17,0.92
-0.05,-0.17,0.94
-0.05,-0.1,0.9
-0.03,0,0.91
-0.02,0.06,0.93
-0.03,0.1,0.96
-0.04,0.08,0.98
-0.06,0,1.01
-0.07,-0.07,1.06
-0.07,-0.16,1.02
-0.09,-0.15,0.99
-0.07,-0.13,0.96
-0.07,-0.1,0.9
-0.06,-0.07,0.89
-0.06,-0.06,0.88
-0.05,0.01,0.92
-0.05,0.03,1
-0.06,0,1
-0.06,0.05,1.02
-0.18,0.73,3.42
-0.38,1.04,3.99
-0.64,1.33,4
-1.02,1.59,4
-1.86,2.04,4
-2.82,1.38,4
-3.16,-0.38,2.72
-2.69,-1.28,0.72
-1.86,-1.58,-1.09
-1.01,-1.8,-2.61
-0.31,-1.46,-3.79
0.19,-0.77,-3.9
0.4,-0.19,-2.2
0.48,0.44,-0.16
0.42,0.59,0.38
0.25,0.25,-0.68
0.18,-0.09,-1.39
0.2,-0.33,-1.12
0.24,-0.22,-0.48
0.31,0.01,-0.12
0.31,-0.01,-0.36
0.33,-0.2,-0.6
0.38,-0.33,-0.43
0.48,-0.36,-0.06
0.49,-0.23,0.01
0.54,-0.04,-0.06
0.56,0,-0.14
0.57,0.04,-0.29
0.61,0.04,-0.4
0.63,-0.08,-0.49
0.62,-0.14,-0.53
0.59,-0.08,-0.61
0.51,-0.06,-0.8
0.41,-0.18,-0.73
0.35,-0.23,-0.49
0.25,-0.21,-0.38
0.12,-0.2,-0.33
-0.01,-0.21,-0.2
-0.15,-0.18,-0.04
-0.28,-0.12,0.15
-0.52,-0.07,0.46
-0.6,-0.01,0.99
-0.62,0.22,1.43
-0.72,0.44,1.9
-0.54,0.78,3.1
-0.22,1.12,4
0.02,1.32,4
0.03,1.05,3.16
-0.06,0.59,1.9
0,0.32,1.2
0.06,0.12,0.96
0.07,-0.04,0.91
0.08,-0.03,0.95
0.08,0.06,0.94
0.05,0.08,1.03
0.06,0.13,1.47
0.08,0.27,1.79
0.06,0.39,1.63
0.05,0.41,1.34
0.05,0.27,1.18
0.03,0.11,1.02
0.03,0.05,0.83
0.05,0.02,0.72
0.06,-0.01,0.71
0.07,-0.01,0.74
0.09,0.02,0.76
0.05,0.03,0.75
0.05,0.04,0.9
0.05,0.12,1.16
0.07,0.28,1.3
0.06,0.34,1.27
0.01,0.22,1.18
0.02,0.07,1.08
0.01,0.1,0.97
0.02,0.16,0.79
0.03,0.14,0.78
0.03,0.06,0.76
0.04,0.02,0.85
0.04,0,0.89
0.04,0.04,0.91
0.04,0.09,0.97
0.02,0.13,1.1
0.05,0.18,1.16
0.04,0.33,1.12
-0.01,0.38,0.96
0.03,-0.01,0.75
0.04,0.07,0.81
0.03,0.08,0.81
0.02,0.1,0.76
0.02,0.08,0.79
0.01,0.01,0.91
0,0.01,1.03
0,0.13,1.07
0,0.24,1.04
-0.01,0.22,1.05
0,0.2,1.07
-0.01,0.16,1.02
-0.01,0.1,0.97
-0.01,0.07,0.96
0,0.07,0.98
0,0.07,0.92
0,0.07,0.89
0,0.08,0.93
0,0.11,0.96
0.01,0.14,1.03
0.01,0.15,1.11
0,0.18,1.11
0,0.2,1.07
-0.01,0.17,1.02
-0.01,0.1,1.02
-0.02,0.06,1.01
-0.02,0.05,1
-0.02,0.08,0.99
-0.03,0.07,0.98
-0.02,0.05,1.01
-0.02,0.07,1.05
-0.03,0.13,1.08
-0.02,0.18,1.1
-0.02,0.17,1.1
-0.03,0.12,1.06
-0.03,0.11,1.03
-0.03,0.1,1
-0.01,0.04,0.98
-0.03,0.04,0.93
-0.03,0.06,0.92
-0.02,0.1,0.95
-0.02,0.1,0.99
-0.02,0.08,1.03
-0.02,0.25,2.44
-0.09,0.3,2.84
-0.17,0.46,3.16
-0.21,0.62,3.34
-0.27,0.61,3.32
-0.34,0.55,3.07
-0.4,0.35,2.75
-0.45,0.14,2.46
-0.49,0.02,2.07
-0.48,-0.01,1.54
-0.45,-0.06,1.23
-0.42,-0.13,1.06
-0.42,-0.28,0.82
-0.33,-0.25,0.62
-0.22,0.22,0.23
-0.13,0.57,-0.34
-0.08,0.57,-0.74
-0.06,0.33,-0.83
-0.07,-0.06,-0.78
-0.07,-0.32,-0.76
-0.07,-0.4,-0.91
-0.07,-0.49,-1.03
-0.1,-0.42,-0.93
-0.15,-0.31,-0.56
-0.2,-0.2,-0.15
-0.28,-0.1,-0.03
-0.37,-0.21,-0.07
-0.41,-0.28,-0.2
-0.4,-0.26,-0.29
-0.34,-0.21,-0.15
-0.24,-0.14,0.07
-0.13,-0.03,0.07
-0.05,0.03,-0.08
0.01,0.02,-0.12
0.05,0.07,0
0.07,0.12,0.19
0.11,0.2,0.49
0.07,0.27,0.78
0.09,0.33,0.73
0.07,0.26,0.78
0.05,0.24,0.99
0.03,0.23,1.02
0,0.23,1.04
0.01,0.28,1.16
-0.01,0.3,1.16
0.03,0.3,1.15
0.08,0.22,1.24
0.12,0.16,1.32
0.13,0.18,1.4
0.14,0.2,1.41
0.13,0.25,1.33
0.12,0.28,1.21
0.17,0.19,1.24
0.21,0.1,1.36
0.22,0.11,1.33
0.23,0.1,1.17
0.23,0.08,1.09
0.23,0.07,1.18
0.22,0.16,1.23
0.19,0.25,1.21
0.16,0.33,1.3
0.16,0.28,1.45
0.15,0.27,1.38
0.15,0.19,1.17
0.15,0.06,1.02
0.13,-0.05,1.04
0.12,-0.05,1.13
0.11,0.01,1.18
0.09,0.03,1.3
0.08,0.05,1.44
0.08,0.12,1.48
0.07,0.21,1.37
0.08,0.26,1.09
0.1,0.25,0.97
0.1,0.14,0.98
0.1,0.05,0.95
0.1,-0.02,0.9
0.09,-0.02,0.9
0.07,0,0.89
0.08,0.07,1.1
0.09,0.1,1.14
0.1,0.21,1.16
0.11,0.25,1.1
0.1,0.22,0.96
0.09,0.13,0.93
0.09,0.11,0.92
0.1,0.17,0.94
0.08,0.15,0.96
0.09,0.16,0.95
0.09,0.14,1.01
0.08,0.09,1.07
0.08,0.14,1.06
0.07,0.2,0.97
0.07,0.2,0.92
0.05,0.19,0.9
0.06,0.22,0.94
0.05,0.17,0.93
0.05,0.19,0.92
0.05,0.23,0.92
0.05,0.23,0.96
0.04,0.18,0.98
0.04,0.18,0.93
0.03,0.16,0.88
0.05,0.19,0.96
0.04,0.18,0.96
0.03,0.19,0.9
0.03,0.23,0.93
0.04,0.24,0.95
0.03,0.3,0.91
0.03,0.36,0.91
0.03,0.34,0.93
0.03,0.32,0.97
0.03,0.31,0.98
0.03,0.28,0.96
0.03,0.26,0.93
0.03,0.25,0.95
0.04,0.29,0.97
0.03,0.33,0.89
0.02,0.32,0.85
0.02,0.26,0.86
0.02,0.25,0.92
0.02,0.29,0.89
0.02,0.3,0.88
0.02,0.26,0.95
0.01,0.25,0.99
0.03,0.24,1.07
0,0.27,1.11
0,0.28,1.1
-0.37,0.68,2.66
-0.44,1.03,3.52
-0.44,1.47,4
-0.6,1.9,4
-0.99,2.3,3.97
-1.09,2.74,3.97
-1.24,2.04,4
-1.59,0.83,2.88
-1.7,0,1.71
-1.57,-0.79,1.11
-1.35,-1.1,0.1
-1.18,-0.71,-0.7
-0.86,-0.07,-1.02
-0.64,1.44,-2.17
-0.53,1.73,-3.3
-0.21,0.78,-2.77
0.03,-0.27,-1.89
0.17,-0.85,-1.71
0.25,-0.85,-1.54
0.3,-0.49,-1.21
0.31,-0.2,-0.92
0.34,-0.1,-0.61
0.37,-0.15,-0.51
0.37,-0.22,-0.79
0.36,-0.24,-1.02
0.38,-0.29,-0.84
0.4,-0.27,-0.67
0.35,-0.1,-0.68
0.32,0.05,-0.42
0.35,0.2,0.26
0.41,0.37,0.67
0.42,0.45,0.41
0.41,0.42,0.02
0.42,0.32,0.03
0.41,0.22,0.03
0.33,0.18,-0.18
0.24,0.17,-0.05
0.18,0.13,0.32
0.08,0.16,0.3
-0.03,0.16,0.06
-0.19,0.08,0.15
-0.29,0,0.43
-0.4,-0.02,0.67
-0.58,0.17,1.4
-0.44,0.63,2.59
-0.24,1.06,3.46
-0.09,1.09,3.68
-0.05,0.82,3.23
-0.08,0.54,2.37
-0.1,0.44,1.56
-0.09,0.29,0.91
-0.04,0.06,0.71
0.03,-0.11,0.85
0.06,-0.21,0.93
0.03,-0.24,0.94
0,-0.12,1.1
-0.01,0.05,1.45
0,0.13,1.78
0,0.12,1.79
-0.02,0.17,1.45
-0.03,0.24,1.1
-0.08,0.25,0.99
-0.02,0.14,0.95
-0.06,0.02,0.82
-0.01,-0.03,0.85
-0.01,-0.11,0.94
0,-0.07,0.9
0,0.03,0.87
0,0.04,0.95
0,0.07,1.05
-0.01,0.12,1.03
-0.02,0.15,0.95
-0.04,0.03,0.88
-0.05,-0.08,0.86
-0.06,-0.12,0.89
-0.07,-0.16,0.9
-0.08,-0.18,0.88
-0.08,-0.18,0.84
-0.08,-0.04,0.78
-0.08,0.01,0.76
-0.07,0.04,0.85
-0.11,0.04,0.96
-0.13,0.06,1.08
-0.13,0.11,1.43
-0.13,0.08,1.74
-0.13,0.05,1.69
-0.15,0.02,1.33
-0.16,0.01,1.08
-0.14,0.06,0.94
-0.15,0.02,0.68
-0.13,-0.04,0.66
-0.11,-0.08,0.83
-0.1,-0.05,0.92
-0.1,-0.05,1.01
-0.1,-0.02,1.11
-0.1,0,1.12
-0.1,-0.02,1.07
-0.1,-0.04,1.02
-0.1,-0.04,0.97
-0.1,-0.05,0.95
-0.1,-0.06,0.92
-0.1,-0.04,0.89
-0.1,-0.03,0.9
-0.11,-0.08,0.97
-0.11,-0.11,0.98
-0.1,-0.11,0.98
-0.1,-0.08,1.02
-0.08,-0.04,1.06
-0.07,-0.03,1.04
-0.07,-0.03,0.99
-0.07,0.05,0.9
-0.08,0.03,0.84
-0.1,-0.05,0.84
-0.11,-0.08,0.82
-0.13,-0.12,0.89
-0.14,-0.11,0.98
-0.15,-0.11,1.04
-0.16,-0.11,1.09
-0.16,-0.14,1.1
-0.16,-0.14,1.07
-0.15,-0.12,1.01
-0.15,-0.11,0.99
-0.15,-0.1,0.95
-0.14,-0.07,0.92
-0.12,-0.07,0.95
-0.12,-0.06,1
-0.13,-0.08,0.9
-0.12,0,0.94
-0.57,-1.42,2.78
-0.79,-1.4,3.79
-0.88,-0.92,4
-0.91,-0.37,4
-1.04,0.25,4
-1.21,1.47,4
-1.27,2.77,4
-1.61,2.56,2.95
-1.97,0.51,1.62
-2.02,-1.61,1.18
-1.96,-2.18,0.55
-1.81,-2.1,-1.27
-1.3,-1.75,-2.89
-0.92,-1.46,-3.49
-0.36,-0.82,-2.62
-0.09,-0.68,-1.7
-0.01,-0.8,-1.5
0.01,-0.77,-1.57
0.03,-0.6,-1.47
0.04,-0.67,-1.09
0.03,-0.86,-0.71
0.01,-0.86,-0.7
0,-0.76,-0.94
0.01,-0.65,-1.02
0.02,-0.62,-0.98
0.04,-0.46,-0.77
0.13,-0.19,-0.53
0.03,-0.09,-0.22
0.11,-0.04,0.18
0.13,-0.02,0.3
0.15,-0.15,0.1
0.14,-0.24,0.03
0.18,-0.14,0.06
0.15,-0.26,-0.09
0.12,-0.29,-0.02
0.13,-0.16,0.27
0.16,-0.22,0.41
0.13,-0.4,0.31
0.09,-0.36,0.22
0.08,-0.22,0.24
0.05,-0.12,0.28
-0.03,-0.16,0.43
-0.02,0.05,0.58
-0.07,0.12,0.56
-0.18,-0.01,0.52
-0.27,-0.07,0.62
-0.37,-0.23,0.78
-0.5,-0.46,1.15
-0.48,-0.6,1.97
-0.37,-0.6,2.69
-0.26,-0.46,2.73
-0.26,0.14,2.25
-0.2,0.85,1.87
-0.22,0.75,1.78
-0.27,0.06,1.7
-0.29,-0.33,1.66
-0.28,-0.4,1.68
-0.27,-0.47,1.67
-0.25,-0.48,1.62
-0.22,-0.32,1.51
-0.17,-0.13,1.46
-0.14,0.09,1.46
-0.11,0.23,1.45
-0.1,0.28,1.48
-0.11,0.23,1.37
-0.14,0.05,1.14
-0.16,-0.17,0.99
-0.17,-0.4,0.92
-0.17,-0.49,0.95
-0.15,-0.43,1
-0.13,-0.35,1.01
-0.1,-0.22,1.06
-0.07,-0.03,1.07
-0.07,0.15,1.01
-0.07,0.25,0.98
-0.08,0.19,0.99
-0.09,0.09,1.01
-0.1,0.03,1.03
-0.11,0.04,1.05
-0.11,0.04,1.12
-0.12,0,1.13
-0.12,-0.07,0.96
-0.11,-0.05,0.89
-0.09,-0.01,0.91
-0.08,-0.01,0.94
-0.09,0,0.95
-0.08,0.03,0.96
-0.08,0.07,0.96
-0.08,0.05,0.96
-0.1,-0.04,0.99
-0.1,0.02,1.01
-0.09,0.1,1.02
-0.09,0.06,1.01
-0.09,0.02,1
-0.09,0.03,0.98
-0.09,0.09,0.79
-0.08,0.03,0.7
-0.06,-0.06,0.84
-0.05,-0.07,0.94
-0.06,0,0.93
-0.06,0.18,0.89
-0.06,0.21,0.89
-0.07,0.07,0.91
-0.08,0,0.95
-0.09,-0.03,0.97
-0.09,-0.01,0.96
-0.08,0.06,0.96
-0.08,0.07,0.97
-0.08,0.05,0.97
-0.09,0.05,0.98
-0.1,0.1,1.03
-0.09,0.21,1.08
-0.09,0.24,1.06
-0.1,0.13,1.06
-0.1,0.08,1.08
-0.11,0.08,1.05
-0.11,0.06,0.94
-0.11,-0.03,0.88
-0.1,-0.08,0.9
-0.08,-0.03,0.92
-0.07,0.02,0.94
-0.06,0.05,0.92
-0.06,0.05,0.9
-0.07,0.07,0.92
-0.07,0.09,0.99
-0.08,0.08,1.01
-0.09,0.07,0.99
-0.1,0.04,1
-0.5,0.16,2.98
-0.53,0.18,3.69
-0.52,0.33,4
-0.52,0.39,4
-0.54,0.33,3.78
-0.59,0.31,3.32
-0.61,0.21,2.58
-0.59,0,1.85
-0.53,-0.18,0.99
-0.45,-0.18,0.37
-0.39,-0.06,0.08
-0.32,0.06,0.04
-0.26,0.05,0.11
-0.19,0.18,0.26
-0.07,0.5,0.38
0.04,0.71,0.46
0.07,0.6,0.25
0.01,0.2,-0.18
-0.08,-0.09,-0.48
-0.17,-0.23,-0.67
-0.24,-0.38,-0.78
-0.32,-0.47,-0.63
-0.35,-0.39,-0.29
-0.31,-0.3,-0.04
-0.27,-0.18,0.15
-0.19,-0.06,0.35
-0.15,-0.05,0.31
-0.1,-0.03,0.09
-0.06,0.03,0.01
-0.02,0.07,-0.07
0.01,0.04,-0.25
0.04,-0.07,-0.37
0.07,-0.14,-0.39
0.13,-0.11,-0.26
0.18,-0.08,-0.08
0.19,-0.07,0.04
0.21,-0.04,0.16
0.2,-0.05,0.33
0.2,-0.02,0.5
0.19,0.1,0.54
0.2,0.13,0.6
0.18,0.08,0.6
0.16,0,0.59
0.14,-0.03,0.67
0.12,-0.09,0.85
0.11,-0.04,1.07
0.09,0.1,1.13
0.1,0.18,1.15
0.09,0.22,1.21
0.07,0.32,1.36
0.04,0.31,1.24
0.02,0.3,1.21
-0.03,0.12,1.13
-0.05,-0.04,1.02
-0.05,-0.04,1
-0.07,-0.01,1.05
-0.05,0,1.28
0.01,0.15,1.59
0.03,0.25,1.62
0.02,0.16,1.51
0.01,0.07,1.33
0.01,-0.01,1.11
-0.01,-0.09,1.11
-0.02,-0.1,1.26
-0.02,-0.04,1.38
-0.01,0.06,1.35
0.01,0.1,1.22
0.03,0.08,1.15
0.06,0.03,1.26
0.06,0.05,1.32
0.07,0.16,1.34
0.07,0.23,1.23
0.05,0.16,1.01
0.05,0.12,0.99
0.06,0.1,0.96
0.05,0.03,0.92
0.05,-0.06,0.87
0.05,-0.16,0.92
0.05,-0.12,0.97
0.04,-0.08,0.99
0.03,-0.06,1.08
0.03,-0.01,1.13
0.02,0.05,1.08
0,0.07,1.08
0,0.16,1.1
-0.01,0.19,1.12
0,0.19,1.17
0,0.18,1.2
-0.01,0.12,1.17
-0.02,0.09,1.12
-0.03,0.07,1.04
-0.03,0.07,1.02
-0.05,0.1,1.02
-0.05,0.18,1.03
-0.05,0.26,1.04
-0.05,0.24,1.07
-0.06,0.22,1.09
-0.07,0.19,1.05
-0.07,0.09,1.08
-0.07,0.05,1.03
-0.06,0.03,0.97
-0.06,0.01,0.93
-0.05,0.04,0.91
-0.04,0.14,0.92
-0.03,0.23,0.96
-0.03,0.26,1.02
-0.04,0.29,0.98
-0.06,0.29,0.91
-0.07,0.18,0.95
-0.08,0.07,1.02
-0.08,0.09,0.93
-0.09,0.1,0.84
-0.06,0.16,0.99
-0.06,0.13,1.02
-0.06,0.16,0.97
-0.06,0.16,0.9
-0.06,0.11,0.95
-0.05,0.11,1.01
-0.06,0.13,0.96
-0.07,0.09,0.95
-0.08,0.07,1.01
-0.08,0.11,1.02
-0.08,0.17,0.96
-0.07,0.19,0.98
-0.08,0.2,1
-0.08,0.18,0.99
-0.09,0.1,0.95
-0.08,0.1,1.01
-0.33,0.46,3.41
-0.49,0.99,4
-0.8,1.42,4
-1.09,1.79,4
-1.42,1.99,4
-1.95,1.69,3.84
-2.24,0.39,1.64
-1.99,-0.6,0.66
-1.55,-0.87,0.12
-1.17,-0.55,-0.93
-0.8,0.11,-2.1
-0.43,0.36,-2.48
-0.11,0.55,-2.14
0.07,0.7,-1.76
0.13,0.74,-1.71
0.15,0.36,-1.63
0.21,-0.02,-1.21
0.25,-0.16,-0.96
0.28,-0.11,-0.88
0.28,-0.1,-0.72
0.3,-0.16,-0.45
0.31,-0.27,-0.33
0.32,-0.33,-0.5
0.32,-0.29,-0.6
0.3,-0.26,-0.59
0.29,-0.19,-0.27
0.36,0.02,0.11
0.34,0.21,0.16
0.37,0.27,0.02
0.38,0.16,0.04
0.39,0.02,0.11
0.39,-0.07,-0.09
0.38,-0.13,-0.32
0.32,-0.09,-0.39
0.26,0.03,-0.54
0.16,0.05,-0.67
0.03,0.03,-0.57
-0.11,0.22,-0.43
-0.27,0.34,-0.38
-0.49,0.24,-0.22
-0.64,0.25,0.06
-0.82,0.18,0.51
-0.94,0.17,1.2
-0.97,0.35,2.25
-0.67,0.81,3.76
-0.32,1.27,4
-0.14,1.52,4
-0.25,1.17,2.5
-0.33,0.63,1.28
-0.28,0.2,1
-0.23,-0.13,0.96
-0.18,-0.19,0.96
-0.16,-0.16,0.98
-0.16,-0.07,1.12
-0.15,0.13,1.53
-0.13,0.27,1.98
-0.13,0.31,2.16
-0.11,0.35,1.99
-0.12,0.39,1.63
-0.12,0.49,1.33
-0.15,0.34,0.99
-0.15,0.09,0.75
-0.13,-0.06,0.7
-0.1,-0.18,0.79
-0.08,-0.13,0.94
-0.08,0,1.07
-0.07,0.1,1.23
-0.08,0.1,1.31
-0.08,0.15,1.27
-0.07,0.23,1.18
-0.07,0.18,1.04
-0.08,0.09,0.93
-0.09,-0.03,0.86
-0.08,-0.17,0.88
-0.06,-0.14,0.9
-0.07,-0.12,0.93
-0.06,-0.02,0.89
-0.06,0.11,0.88
-0.06,0.07,0.93
-0.06,0.06,1.01
-0.05,0.16,1.04
-0.06,0.22,0.99
-0.07,0.14,0.95
-0.09,0.06,0.95
-0.09,0.01,0.93
-0.09,-0.01,0.91
-0.08,-0.04,0.96
-0.08,-0.03,0.96
-0.08,0.05,0.88
-0.08,0.05,0.89
-0.07,0,1.01
-0.07,0.02,1.05
-0.07,0.12,1.01
-0.07,0.12,0.99
-0.08,0.03,1
-0.08,0.04,0.99
-0.07,0.11,0.95
-0.07,0.12,0.9
-0.07,0.1,0.84
-0.08,0.05,0.89
-0.08,0.02,0.94
-0.08,0,0.96
-0.07,-0.01,0.98
-0.07,0.04,0.97
-0.07,0.09,0.92
-0.07,0.05,0.95
-0.06,0.01,1
-0.07,0.05,0.97
-0.07,0.11,0.96
-0.07,0.11,0.97
-0.08,0.06,0.94
-0.08,0.09,0.95
-0.09,0.06,0.93
-0.09,-0.03,0.86
-0.09,-0.01,0.93
-0.08,0.01,0.98
-0.09,0.05,0.98
-0.08,0.07,1.03
-0.08,0.08,1.08
-0.08,0.07,1.04
-0.09,0.04,1
-0.08,0.04,0.95
-0.08,0.06,0.92
-0.07,0.07,0.96
-0.09,-0.02,0.96
-0.08,-0.04,0.96
-0.08,0,1.01
-0.08,-0.04,1
-0.68,-0.38,3.14
-0.88,-0.53,4
-1.01,-0.71,4
-1.22,-0.87,4
-1.75,-0.43,4
-2.07,0.57,4
-2.32,1.05,3.94
-2.31,1.41,2.11
-2.08,1.13,0.48
-1.66,0.19,-0.26
-1.28,-0.82,-0.43
-0.99,-1.38,-0.67
-0.78,-1.47,-0.87
-0.6,-1.09,-0.85
-0.42,-0.15,-1.14
-0.29,-0.04,-1.35
-0.18,-0.41,-1.18
-0.08,-0.26,-1.22
-0.06,0.01,-1.42
-0.05,-0.07,-1.41
-0.05,-0.41,-1.25
-0.02,-0.55,-1.1
0.01,-0.43,-1.11
-0.01,-0.43,-1.43
-0.05,-0.57,-1.64
-0.09,-0.65,-1.36
-0.15,-0.45,-0.97
-0.21,-0.3,-0.54
-0.23,-0.15,0.08
-0.18,0.08,0.63
-0.09,0.19,0.87
-0.01,0.13,0.79
0.06,0.05,0.63
0.12,0.03,0.43
0.21,-0.07,0.28
0.25,-0.16,0.12
0.26,-0.14,0.08
0.24,-0.06,0.04
0.19,-0.07,0.2
0.17,-0.08,0.56
0.1,-0.07,0.87
0.06,-0.03,1.28
0.12,0.09,1.65
0.19,0.18,1.58
0.18,0.13,1.26
0.18,0.1,1.06
0.15,0.01,0.97
0.12,-0.04,0.79
0.05,-0.04,0.63
-0.04,-0.09,0.72
-0.11,-0.09,0.92
-0.18,-0.12,1.24
-0.19,-0.06,1.8
-0.16,0.06,2.3
-0.14,0.14,2.44
-0.13,0.2,2.22
-0.13,0.14,1.83
-0.15,0.01,1.5
-0.16,-0.09,1.33
-0.16,-0.14,1.27
-0.14,-0.1,1.24
-0.12,-0.06,1.25
-0.11,-0.05,1.32
-0.09,-0.03,1.39
-0.1,-0.05,1.4
-0.1,-0.09,1.39
-0.09,-0.04,1.44
-0.1,-0.02,1.34
-0.12,-0.11,1.17
-0.13,-0.13,1.03
-0.14,-0.11,0.9
-0.13,-0.17,0.8
-0.1,-0.17,0.93
-0.08,-0.04,1.09
-0.09,0.02,1.09
-0.1,0.04,1.09
-0.11,0.04,1.11
-0.12,0.09,1.07
-0.13,0.1,1.01
-0.15,0.1,1.01
-0.16,0.14,1
-0.17,0.13,1
-0.16,0.08,1.09
-0.15,0.1,1.1
-0.15,0.08,1.02
-0.14,0.07,1.02
-0.14,0.03,1.01
-0.14,0.02,0.94
-0.14,0.08,0.9
-0.13,0.14,0.96
-0.13,0.1,1.03
-0.14,0.05,1.05
-0.15,0.08,0.94
-0.16,0.08,0.84
-0.15,0.04,0.95
-0.14,-0.03,1.06
-0.16,-0.04,1.02
-0.17,0.07,0.84
-0.16,0.15,0.79
-0.15,0.12,0.97
-0.14,0.08,1.06
-0.15,0.09,1.06
-0.15,0.16,0.92
-0.16,0.15,0.88
-0.15,0.07,1
-0.14,0.01,1.05
-0.16,-0.01,1.03
-0.17,0.06,0.96
-0.16,0.14,0.85
-0.15,0.1,0.92
-0.14,0.05,1.04
-0.15,0.04,1.03
-0.15,0.09,0.95
-0.15,0.12,0.88
-0.14,0.11,0.91
-0.14,0.08,0.98
-0.14,0.11,1.02
-0.16,0.14,0.98
-0.16,0.11,0.93
-0.16,0.05,0.98
-0.15,0.03,1.02
-0.16,0.09,0.95
-0.15,0.11,0.88
-0.15,0.01,0.93
-0.15,0,0.99
-0.15,0.07,0.95
-0.15,0.11,0.92
-0.15,0.09,0.92
-0.3,0.56,3.47
-0.36,1.36,3.99
-0.41,1.85,4
-0.46,1.9,4
-0.57,1.34,3.82
-0.64,0.59,3.08
-0.65,-0.03,2.22
-0.62,-0.47,1.37
-0.47,-0.71,0.9
-0.36,-0.79,0.72
-0.28,-0.74,0.63
-0.22,-0.47,0.54
-0.16,-0.09,0.5
-0.11,0.21,0.49
-0.04,0.61,0.3
-0.03,0.75,-0.13
-0.06,0.48,-0.52
-0.07,0.04,-0.55
-0.07,-0.34,-0.5
-0.08,-0.57,-0.63
-0.08,-0.64,-0.67
-0.07,-0.55,-0.58
-0.06,-0.43,-0.53
-0.06,-0.3,-0.42
-0.06,-0.13,-0.27
-0.05,0.17,-0.17
-0.07,0.26,-0.18
-0.11,0.11,0.02
-0.12,-0.04,0.27
-0.15,-0.13,0.3
-0.18,-0.15,0.27
-0.18,-0.07,0.29
-0.17,-0.03,0.26
-0.15,-0.07,0.32
-0.12,-0.07,0.36
-0.08,-0.05,0.33
-0.05,0.05,0.34
-0.04,0.06,0.38
-0.04,0.01,0.45
-0.02,0,0.53
-0.01,-0.07,0.57
-0.03,-0.15,0.66
-0.03,-0.1,0.86
-0.03,-0.05,0.92
-0.04,0.04,0.82
-0.03,0.13,0.74
-0.01,0.29,0.7
-0.01,0.21,0.76
-0.02,0.09,0.87
-0.02,0.15,0.91
-0.01,0.14,1.02
-0.03,0.14,1.21
-0.04,0.15,1.32
-0.04,0.26,1.45
-0.05,0.22,1.55
-0.07,0.19,1.46
-0.08,0.29,1.18
-0.07,0.45,0.95
-0.01,0.53,0.75
0.04,0.34,0.68
0.07,0.31,0.93
0.09,0.37,1.16
0.08,0.3,1.25
0.05,0.25,1.3
0.03,0.2,1.33
0.02,0.14,1.42
0.03,0.19,1.47
0.02,0.31,1.4
0.02,0.37,1.2
0.01,0.29,1.08
0,0.21,1.12
-0.02,0.18,1.16
-0.05,0.12,1.25
-0.07,0.18,1.26
-0.08,0.19,1.26
-0.08,0.15,1.33
-0.07,0.23,1.34
-0.07,0.23,1.34
-0.08,0.17,1.26
-0.08,0.13,1.19
-0.08,0.11,1.17
-0.08,0.05,1.12
-0.07,-0.01,1.04
-0.05,-0.02,1.07
-0.04,-0.05,1.03
-0.03,-0.06,1.08
-0.03,-0.03,1.09
-0.04,-0.04,1.04
-0.06,-0.08,1
-0.07,-0.1,0.91
-0.07,-0.03,0.92
-0.08,0.01,0.88
-0.08,0.11,0.92
-0.08,0.14,0.98
-0.09,0.1,1.01
-0.11,0.06,1.01
-0.11,0.16,1.09
-0.1,0.13,1.15
-0.11,0.16,1.08
-0.11,0.24,1.04
-0.1,0.25,1.03
-0.1,0.25,1
-0.1,0.23,0.97
-0.11,0.19,0.97
-0.11,0.15,0.99
-0.1,0.13,0.99
-0.1,0.15,1
-0.11,0.14,1.02
-0.11,0.1,1.03
-0.11,0.07,1.04
-0.11,0.11,1.04
-0.11,0.15,0.98
-0.11,0.16,0.95
-0.11,0.14,0.97
-0.1,0.13,0.96
-0.1,0.1,0.92
-0.1,0.08,0.91
-0.1,0.13,0.9
-0.1,0.21,0.87
-0.1,0.2,0.89
-0.1,0.18,0.96
-0.11,0.17,0.98
-0.11,0.14,0.98
-0.12,0.11,0.92
-0.11,0.16,0.94
-0.11,0.21,0.97
-0.11,0.15,0.89
-0.11,0.17,0.92
-0.27,0.59,3.47
-0.31,0.7,3.93
-0.5,0.84,3.77
-0.69,0.88,3.08
-0.72,0.69,3.11
-0.75,0.75,3.72
-0.87,0.96,4
-1.18,0.85,3.83
-1.41,0.47,3.11
-1.54,-0.01,2.25
-1.51,-0.55,0.93
-1.19,-0.82,-0.17
-0.78,-0.71,-0.66
-0.45,-0.49,-1.1
-0.2,0.17,-1.67
-0.06,1.2,-2.36
0.09,0.96,-2.27
0.24,-0.01,-0.97
0.27,-0.15,-0.33
0.22,0.21,-0.49
0.17,0.4,-0.58
0.16,0.36,-0.45
0.15,0.24,-0.43
0.14,0.06,-0.51
0.14,0.02,-0.57
0.13,0,-0.6
0.13,-0.04,-0.61
0.13,0.01,-0.74
0.11,0.09,-0.91
0.09,0.14,-0.94
0.07,0.05,-0.78
0.04,-0.05,-0.48
0,0.01,-0.3
-0.04,0.11,-0.31
-0.09,0.16,-0.08
-0.03,0.24,0.41
-0.04,0.48,0.66
-0.02,0.69,0.43
-0.06,0.78,0.17
-0.11,0.85,-0.11
-0.24,0.57,-0.5
-0.33,0.18,-0.53
-0.49,0.12,-0.27
-0.65,0.19,-0.09
-0.82,0.27,0.26
-0.94,0.26,0.89
-0.95,0.21,1.9
-0.8,0.4,3.44
-0.53,0.72,4
-0.38,0.8,4
-0.43,0.51,3.58
-0.55,0.24,1.68
-0.5,0.04,0.76
-0.42,-0.22,0.6
-0.37,-0.63,0.72
-0.35,-0.75,0.98
-0.33,-0.42,1.27
-0.31,-0.08,1.48
-0.27,0.05,1.69
-0.26,0.09,1.85
-0.24,0.16,1.91
-0.23,0.28,1.79
-0.23,0.29,1.49
-0.24,0.26,1.12
-0.23,0.19,0.88
-0.2,-0.03,0.82
-0.2,-0.1,0.86
-0.17,-0.14,0.94
-0.16,-0.15,1.01
-0.14,-0.04,1.07
-0.14,0.03,1.08
-0.13,0.02,1.1
-0.12,0,1.08
-0.12,0.09,1
-0.13,0.15,0.91
-0.14,0.06,0.88
-0.15,-0.05,0.86
-0.15,-0.11,0.8
-0.14,-0.11,0.85
-0.11,-0.05,0.9
-0.1,-0.01,0.92
-0.08,0.02,0.95
-0.08,0.05,0.98
-0.08,0.07,1.01
-0.1,0.11,0.95
-0.11,0.1,0.86
-0.12,0.06,0.87
-0.12,0.04,0.93
-0.13,0.01,0.97
-0.14,0.02,0.99
-0.15,0.01,0.98
-0.15,-0.01,0.97
-0.16,0.01,0.96
-0.15,0.05,0.97
-0.15,0.06,1.01
-0.16,0.08,1.03
-0.17,0.08,1
-0.17,0.04,0.94
-0.17,-0.01,0.95
-0.16,-0.01,0.97
-0.16,0.02,0.97
-0.15,0.04,0.99
-0.14,0.08,0.98
-0.14,0.06,0.92
-0.14,0.01,0.93
-0.14,0.04,0.93
-0.15,0.09,0.88
-0.16,0.09,0.88
-0.17,0.07,0.93
-0.17,0.02,0.98
-0.17,0.03,0.99
-0.16,0.03,0.99
-0.15,-0.01,0.98
-0.15,0,0.93
-0.15,0.04,0.89
-0.16,0.02,0.91
-0.16,-0.01,0.99
-0.16,0.02,1
-0.16,0.03,0.96
-0.16,-0.01,0.96
-0.16,-0.01,0.99
-0.15,-0.01,1
-0.14,0.02,1
-0.14,0.02,0.97
-0.15,-0.01,0.96
-0.15,-0.01,0.98
-0.16,-0.04,0.97
-0.16,-0.05,0.94
-0.36,-0.28,3.54
-0.53,-0.16,4
-0.71,0.07,4
-1.12,0.76,4
-1.72,1.55,4
-2.16,1.71,2.61
-2.05,1.2,0.63
-1.6,-0.11,-0.12
-1.1,-0.97,-0.21
-0.75,-1.31,-0.22
-0.46,-1.11,0.05
-0.19,0.41,-0.45
-0.1,1.76,-1.87
0.17,0.78,-2.06
0.44,-0.8,-0.98
0.5,-0.79,-0.68
0.45,-0.02,-0.91
0.45,0.21,-0.83
0.47,-0.04,-0.46
0.45,-0.21,-0.26
0.42,-0.17,-0.51
0.38,-0.08,-0.84
0.33,-0.05,-0.86
0.32,-0.16,-0.79
0.28,-0.44,-0.93
0.21,-0.54,-1.09
0.15,-0.39,-0.89
0.13,-0.17,-0.53
0.06,0.02,-0.4
0.05,0.08,-0.22
0.04,0.11,-0.07
0.03,-0.01,-0.31
-0.04,-0.26,-0.53
-0.08,-0.25,-0.42
-0.13,0,-0.33
-0.21,0.14,-0.3
-0.31,0.37,-0.11
-0.43,0.44,0.07
-0.53,0.28,0.31
-0.66,0.08,0.72
-0.73,0.19,1.09
-0.72,0.38,1.2
-0.73,0.39,1.28
-0.75,0.32,1.58
-0.66,0.34,2.37
-0.48,0.41,3.25
-0.3,0.36,3.69
-0.19,0.15,3.48
-0.22,0.11,2.81
-0.23,0.21,1.95
-0.23,0.09,1.32
-0.24,-0.06,0.92
-0.24,-0.13,0.88
-0.26,-0.17,0.97
-0.26,-0.07,1.05
-0.24,-0.08,1.14
-0.25,-0.14,1.25
-0.27,-0.04,1.44
-0.25,0.06,1.74
-0.23,0.28,1.91
-0.25,0.29,1.61
-0.27,0.14,1.27
-0.25,0.09,1.16
-0.25,0.01,1
-0.23,-0.1,0.8
-0.21,-0.16,0.74
-0.19,-0.19,0.8
-0.17,-0.19,0.91
-0.16,-0.11,1.05
-0.17,-0.05,1.19
-0.16,0.04,1.32
-0.17,0.07,1.33
-0.19,0.06,1.21
-0.2,0.02,0.98
-0.21,-0.03,0.77
-0.21,-0.12,0.72
-0.19,-0.16,0.77
-0.17,-0.14,0.83
-0.16,-0.13,0.89
-0.14,-0.08,0.87
-0.14,0.04,0.85
-0.13,0.13,0.94
-0.14,0.09,1.02
-0.14,0.05,1.12
-0.15,0.05,1.18
-0.17,0.04,1.03
-0.18,0.06,0.94
-0.18,0.12,0.92
-0.17,0.05,0.93
-0.17,0.06,0.91
-0.16,0.03,0.9
-0.14,0,0.91
-0.13,0.01,0.93
-0.13,0,0.91
-0.13,-0.03,0.94
-0.13,-0.04,1
-0.14,-0.02,1
-0.14,0,0.95
-0.14,0.01,0.93
-0.13,0.07,0.89
-0.13,0.05,0.86
-0.13,-0.02,0.87
-0.13,0.01,0.88
-0.14,0.04,0.89
-0.15,0.02,0.91
-0.15,0.01,0.95
-0.16,0,0.98
-0.16,0.02,1
-0.17,0.05,1.01
-0.16,0.04,1
-0.15,0.06,1.01
-0.14,0.09,1
-0.14,0.06,0.94
-0.13,0.05,0.92
-0.12,0.01,0.94
-0.12,-0.03,0.95
-0.14,0.01,0.91
-0.14,0.05,0.89
-0.14,0.04,0.95
-0.14,0.02,0.97
-0.15,0.04,0.98
-0.15,0.05,1.01
-0.15,0.02,1.03
-0.15,0,1.01
-0.15,-0.01,0.97
-0.16,-0.02,0.97
-0.16,-0.05,0.97
-0.17,-0.09,0.96
-0.13,0.22,2.44
-0.15,0.21,2.57
-0.17,0.15,2.56
-0.21,0.07,2.49
-0.25,0.05,2.29
-0.27,0.14,1.96
-0.29,0.21,1.6
-0.26,0.43,1.29
-0.28,0.54,0.95
-0.3,0.49,0.65
-0.29,0.34,0.6
-0.3,0.15,0.55
-0.37,0.06,0.33
-0.4,0.19,0.13
-0.39,0.25,0.14
-0.39,0.04,0.16
-0.36,-0.15,0.22
-0.35,-0.3,0.06
-0.32,-0.37,-0.13
-0.28,-0.36,-0.2
-0.24,-0.33,-0.25
-0.18,-0.35,-0.28
-0.12,-0.38,-0.33
-0.08,-0.34,-0.34
-0.04,-0.21,-0.37
0,-0.05,-0.44
0.03,0.08,-0.51
0.03,0.17,-0.5
0.04,0.21,-0.38
0.04,0.11,-0.28
0.04,-0.02,-0.16
0.05,-0.07,-0.04
0.06,-0.03,0.02
0.07,0.07,0.07
0.08,0.06,0.24
0.08,-0.06,0.47
0.07,-0.1,0.65
0.03,-0.05,0.73
-0.01,0.06,0.77
-0.04,0.19,0.78
-0.06,0.26,0.79
-0.07,0.28,0.86
-0.07,0.2,0.97
-0.09,0.07,1.14
-0.07,-0.02,1.31
-0.09,-0.01,1.37
-0.09,0.09,1.49
-0.07,0.14,1.53
-0.06,0.18,1.45
-0.05,0.26,1.31
-0.03,0.31,1.17
-0.03,0.27,1.19
-0.04,0.23,1.33
-0.05,0.17,1.3
-0.05,0.19,1.29
-0.03,0.21,1.34
-0.04,0.24,1.37
-0.01,0.22,1.38
0,0.11,1.29
0,0.14,1.14
-0.01,0.2,1.07
-0.02,0.19,1.08
-0.02,0.18,1.12
-0.03,0.17,1.16
-0.03,0.16,1.23
-0.04,0.1,1.28
-0.05,0.03,1.36
-0.05,0.01,1.46
-0.06,0.06,1.39
-0.07,0.04,1.26
-0.08,0.06,1.13
-0.08,0.1,1.04
-0.08,0.08,1.04
-0.06,0.12,1.08
-0.05,0.16,1.08
-0.05,0.17,1.09
-0.05,0.13,1.1
-0.06,0.06,1.13
-0.07,-0.02,1.15
-0.08,-0.07,1.16
-0.08,-0.04,1.14
-0.08,0.01,1.11
-0.08,0.06,1.09
-0.08,0.08,1.06
-0.07,0.08,1.01
-0.07,0.15,0.96
-0.06,0.23,0.96
-0.06,0.23,1.03
-0.08,0.15,1.05
-0.1,0.07,1.02
-0.11,0.08,1.04
-0.11,0.04,1.05
-0.11,0.05,1.04
-0.1,0.08,1.01
-0.09,0.07,0.99
-0.08,0.07,0.95
-0.08,0.06,0.9
-0.08,0.1,0.91
-0.1,0.08,0.92
-0.11,0.04,0.97
-0.11,0.04,1.03
-0.11,0.04,1.06
-0.11,0.08,1.05
-0.11,0.14,1.02
-0.1,0.13,1.04
-0.1,0.1,1.02
-0.11,0.09,0.91
-0.11,0.02,0.8
-0.11,0,0.82
-0.11,0.02,0.84
-0.11,0.04,0.9
-0.1,0.07,1
-0.1,0.09,1.04
-0.1,0.06,1.05
-0.09,0.09,1.01
-0.08,0.11,0.94
-0.08,0.07,0.92
-0.07,0.09,0.93
-0.08,0.09,0.91
-0.09,0.03,0.92
-0.1,0,0.94
-0.1,0.06,0.96
-0.1,0.15,0.97
-0.1,0.14,1
-0.1,0.1,1.04
-0.11,0.11,1.03
-0.12,0.1,0.99
-0.12,0.1,0.98
-0.42,0.05,3.83
-0.55,0.39,4
-0.84,0.63,4
-1.24,1.08,4
-1.64,0.72,4
-1.88,0.25,4
-2.33,0.57,3.98
-2.54,0.79,1.83
-2.31,-0.09,0.46
-1.86,-1.06,0.05
-1.51,-1.67,-0.44
-1.14,-1.68,-0.9
-0.95,-0.81,-1.48
-0.72,0.2,-1.66
-0.45,-0.01,-0.96
-0.29,-0.32,-0.84
-0.22,0.22,-2
-0.14,0.57,-3.1
0.04,0.07,-3.32
0.16,-0.62,-2.47
0.24,-0.52,-1.49
0.28,-0.21,-0.86
0.27,-0.08,-0.86
0.25,-0.03,-0.88
0.26,-0.08,-0.46
0.29,0.04,-0.08
0.35,0.26,0.25
0.44,0.22,0.3
0.46,0.06,0.26
0.55,0.06,0.05
0.58,0.06,-0.32
0.59,-0.06,-0.56
0.53,-0.1,-0.36
0.53,-0.02,0.15
0.48,0.16,0.43
0.43,0.32,0.93
0.46,0.48,1.88
0.58,0.61,2.29
0.63,0.57,1.63
0.65,0.29,0.79
0.69,0.02,0.35
0.71,-0.18,0.03
0.71,-0.3,-0.21
0.64,-0.25,-0.45
0.5,-0.09,-0.63
0.33,-0.06,-0.58
0.13,-0.22,-0.25
0,-0.19,0.21
-0.14,-0.11,0.52
-0.35,0.08,0.95
-0.3,0.22,2.09
-0.1,0.4,2.96
0.06,0.49,2.8
0.04,0.32,1.87
0,0.11,1.15
-0.04,-0.09,0.8
-0.1,-0.16,0.59
-0.17,-0.11,0.66
-0.21,-0.14,0.97
-0.28,-0.15,1.54
-0.24,-0.05,2.36
-0.17,0.12,2.95
-0.11,0.28,2.91
-0.13,0.32,2.26
-0.17,0.32,1.56
-0.17,0.25,1.14
-0.15,0.08,0.96
-0.14,-0.13,0.81
-0.11,-0.21,0.83
-0.07,-0.15,1.01
-0.04,-0.07,1.09
-0.03,-0.01,1.11
-0.03,0.04,1.2
-0.02,0.05,1.35
-0.02,0.06,1.4
-0.05,0.12,1.28
-0.07,0.18,1.09
-0.1,0.11,0.94
-0.1,-0.03,0.85
-0.08,-0.09,0.8
-0.07,-0.09,0.81
-0.06,-0.07,0.96
-0.04,0.02,1.1
-0.04,0.09,1.14
-0.04,0.16,1.03
-0.04,0.13,0.93
-0.03,0.12,0.91
-0.03,0.13,0.92
-0.03,0.14,0.96
-0.04,0.08,0.96
-0.05,0.02,0.9
-0.05,0.02,0.81
-0.06,-0.01,0.81
-0.05,-0.01,0.87
-0.04,0,0.86
-0.04,-0.02,0.83
-0.03,0.03,0.86
-0.02,0.1,0.89
-0.03,0.09,0.92
-0.03,0.04,0.93
-0.04,0,0.91
-0.05,0.03,0.88
-0.05,0.02,0.85
-0.06,0,0.85
-0.06,0.01,0.87
-0.06,0.03,0.9
-0.06,0.03,0.93
-0.06,0.01,0.96
-0.06,0.04,0.98
-0.08,0.08,0.99
-0.09,0.11,1.01
-0.09,0.15,1.06
-0.1,0.1,1.16
-0.1,0.1,1.2
-0.11,0.13,1.13
-0.11,0.08,1.05
-0.11,0.04,1.02
-0.1,0,0.99
-0.09,0,1.02
-0.08,0.03,1.06
-0.08,0.04,1.02
-0.08,0.04,0.99
-0.08,0.05,0.97
-0.09,0.05,0.98
-0.09,0.07,1.04
-0.09,0.09,1.12
-0.09,0.11,1.14
-0.1,0.09,1.07
-0.47,-0.54,3.79
-0.71,-0.24,4
-1.15,0.48,4
-1.44,1.16,4
-1.81,1.03,4
-2.56,1.04,4
-3.1,0.61,2.48
-2.87,-0.31,0.69
-2.25,-1.09,0.01
-1.64,-1.38,-0.58
-1.13,-0.56,-1.2
-0.75,0.85,-2.02
-0.44,1.03,-2.48
-0.17,0.21,-2.08
0.04,-0.09,-1.95
0.19,0.06,-2.57
0.28,0.07,-2.94
0.31,-0.15,-2.6
0.36,-0.25,-1.72
0.32,-0.26,-1.07
0.29,-0.28,-0.57
0.33,-0.35,-0.08
0.39,-0.37,0
0.42,-0.21,-0.35
0.43,-0.16,-0.66
0.47,-0.25,-0.54
0.5,-0.25,-0.37
0.53,-0.2,-0.39
0.52,-0.07,-0.39
0.5,-0.13,-0.38
0.49,-0.04,-0.23
0.39,0.14,0.31
0.43,0.23,1.34
0.55,0.34,1.88
0.61,0.55,1.36
0.62,0.37,0.52
0.62,0.1,0.08
0.64,-0.08,-0.37
0.62,-0.31,-0.7
0.51,-0.38,-0.83
0.35,-0.29,-0.83
0.14,-0.08,-0.76
-0.11,0.06,-0.7
-0.34,0.05,-0.48
-0.58,-0.24,0.02
-0.73,-0.34,0.67
-0.84,-0.03,1.11
-0.94,0.17,1.57
-0.8,0.3,2.54
-0.5,0.38,3.49
-0.32,0.26,3.72
-0.31,0.1,3.1
-0.35,0.14,2.45
-0.31,0.26,2.22
-0.3,0.2,2.01
-0.27,-0.03,1.69
-0.23,-0.13,1.39
-0.22,-0.08,1.21
-0.2,-0.13,1.18
-0.2,-0.18,1.3
-0.16,-0.09,1.52
-0.14,-0.09,1.59
-0.12,-0.11,1.42
-0.13,0,1.17
-0.14,-0.03,1.01
-0.12,-0.04,1.07
-0.12,-0.01,1.11
-0.11,-0.05,1.04
-0.1,-0.05,0.96
-0.05,0.03,0.9
-0.04,-0.03,0.94
-0.02,-0.02,0.86
-0.05,-0.03,0.79
-0.04,-0.05,0.91
-0.05,-0.09,0.95
-0.06,-0.11,0.92
-0.06,-0.07,0.91
-0.06,-0.04,0.87
-0.06,-0.06,0.92
-0.06,-0.09,1.01
-0.06,-0.11,1.04
-0.06,-0.05,0.99
-0.07,0,0.9
-0.07,-0.02,0.88
-0.08,-0.05,0.94
-0.08,-0.07,0.98
-0.08,-0.1,1
-0.08,-0.07,1
-0.08,0.02,0.96
-0.08,0.06,0.93
-0.08,0.04,0.95
-0.08,0.03,0.94
-0.08,0,0.95
-0.09,-0.04,0.98
-0.1,-0.08,0.99
-0.11,-0.12,1.06
-0.11,-0.12,1.21
-0.11,-0.07,1.16
-0.11,0.01,1.03
-0.11,0.08,0.98
-0.1,0.06,0.94
-0.11,-0.02,0.94
-0.11,-0.03,0.95
-0.11,-0.03,0.95
-0.1,-0.06,1.08
-0.1,-0.03,1.2
-0.1,0.04,1.14
-0.09,0.07,0.99
-0.09,0,0.93
-0.09,-0.04,0.91
-0.09,-0.04,0.9
-0.09,-0.01,0.9
-0.09,0,0.91
-0.08,0.02,0.94
-0.09,-0.01,0.96
-0.09,-0.01,0.97
-0.09,0.02,0.97
-0.09,-0.01,0.93
-0.09,-0.02,0.92
-0.1,-0.03,0.97
-0.1,-0.08,1
-0.1,-0.08,1
-0.1,-0.08,1.01
-0.1,-0.09,1.02
-0.11,-0.08,1.02
-0.1,-0.05,0.99
-0.1,-0.05,0.96
-0.09,-0.01,0.96
-0.5,-0.11,3.99
-0.66,-0.03,4
-0.93,0.36,4
-1.22,0.69,4
-1.53,0.58,4
-1.79,0.25,3.06
-1.75,0.03,2.51
-1.62,-0.27,2.33
-1.59,-0.76,1.49
-1.32,-0.54,1.09
-1.2,0.71,0
-0.96,0.58,-0.91
-0.61,-0.63,-0.59
-0.4,-1.01,-1.11
-0.22,-0.26,-2.44
-0.01,0.26,-3.29
0.18,-0.03,-2.89
0.31,-0.17,-1.75
0.36,-0.02,-1.19
0.33,-0.07,-1.49
0.3,-0.19,-1.69
0.32,-0.19,-1.49
0.32,-0.14,-1.14
0.28,-0.08,-0.63
0.36,0.04,0.02
0.41,0.01,0.02
0.41,-0.15,-0.52
0.45,-0.19,-0.82
0.51,-0.29,-0.79
0.56,-0.3,-0.75
0.49,-0.2,-0.87
0.34,-0.02,-0.67
0.33,0.28,0.68
0.48,0.49,1.77
0.62,0.5,1.72
0.65,0.25,0.9
0.67,0.02,0.11
0.7,-0.09,-0.35
0.67,-0.16,-0.7
0.59,-0.27,-0.76
0.46,-0.22,-0.48
0.33,-0.01,-0.28
0.17,-0.03,-0.15
0.02,-0.12,0.17
-0.08,-0.08,0.52
-0.23,0.07,0.85
-0.22,0.12,1.44
-0.16,0.37,2.15
-0.01,0.52,2.25
-0.02,0.28,1.68
-0.06,0.05,1.29
-0.08,0.05,1.17
-0.11,0.05,1.01
-0.17,0.01,0.9
-0.22,0.01,0.89
-0.27,0,1.15
-0.29,-0.07,1.6
-0.24,-0.1,2.45
-0.21,0.02,3.13
-0.15,0.17,3.09
-0.19,0.16,2.44
-0.2,0.21,1.77
-0.19,0.18,1.25
-0.2,-0.03,0.85
-0.14,-0.19,0.66
-0.1,-0.28,0.67
-0.06,-0.27,0.82
-0.04,-0.1,0.93
-0.02,0.04,0.93
-0.02,-0.01,0.95
0,-0.04,1.13
0.01,0.05,1.17
0,0.12,1.04
-0.02,0.11,0.96
-0.05,0.07,0.91
-0.05,0.05,0.86
-0.07,0,0.91
-0.07,-0.05,0.96
-0.09,-0.05,0.99
-0.11,-0.04,1.02
-0.11,-0.04,1.17
-0.1,-0.08,1.35
-0.1,-0.01,1.36
-0.11,0,1.26
-0.12,-0.08,1.21
-0.12,-0.02,1.12
-0.13,0.01,0.93
-0.12,-0.01,0.8
-0.11,-0.06,0.88
-0.09,-0.05,0.96
-0.08,0,0.94
-0.07,0.03,0.93
-0.05,0.03,0.9
-0.05,-0.03,0.92
-0.04,-0.02,0.95
-0.04,-0.02,0.93
-0.05,-0.03,0.92
-0.05,-0.02,0.9
-0.06,0,0.86
-0.06,-0.02,0.88
-0.07,-0.06,0.9
-0.07,-0.04,0.92
-0.08,-0.02,0.97
-0.09,0.01,1.05
-0.09,0.03,1.16
-0.1,0.02,1.17
-0.12,0.01,1.11
-0.12,0.07,1.03
-0.11,0.04,0.97
-0.1,-0.05,0.96
-0.09,-0.03,1
-0.08,-0.02,1.02
-0.07,-0.03,1.03
-0.08,-0.04,0.99
-0.08,-0.06,0.93
-0.08,-0.04,0.97
-0.08,0.06,0.96
-0.09,0.05,0.93
-0.08,-0.03,0.98
-0.08,-0.03,1.03
-0.09,0.02,1.02
-0.09,0.03,0.96
-0.1,-0.04,0.96
-0.09,-0.05,1.01
-0.08,-0.01,1
-0.09,0.05,0.93
-0.1,0.02,0.87
-0.09,-0.02,0.9
-0.26,0.11,3.32
-0.4,0.27,4
-0.64,0.39,4
-0.84,0.31,3.82
-1.02,0.52,4
-1.35,0.72,4
-1.84,0.53,4
-2.26,0.06,3.16
-2.27,-0.81,1.84
-2.07,-1.31,1.82
-1.95,-0.82,1.46
-1.86,-0.05,0.53
-1.65,0.82,-0.15
-1.35,1.2,-1.11
-0.96,0.59,-2.1
-0.49,-0.02,-3.16
-0.09,-0.16,-4
0.16,0,-4
0.29,0.35,-3.32
0.37,0.45,-1.76
0.34,0.32,-1.03
0.26,0.13,-1.19
0.22,-0.05,-1.36
0.2,-0.33,-1.43
0.17,-0.59,-1.55
0.11,-0.64,-1.51
0.04,-0.56,-1.31
-0.06,-0.34,-1.01
-0.15,-0.2,-0.76
-0.23,-0.26,-0.49
-0.27,-0.32,-0.12
-0.31,-0.18,0.15
-0.33,0,0.2
-0.38,0.05,0.72
-0.24,0.12,1.64
-0.03,0.36,1.92
0.07,0.43,1.38
0.04,0.29,0.65
0.01,0.11,0.23
-0.07,-0.13,0.02
-0.21,-0.18,-0.13
-0.38,0.04,0.01
-0.49,0.13,0.45
-0.6,0.06,1.23
-0.58,0.19,2.44
-0.37,0.53,3.49
-0.17,0.67,3.75
-0.17,0.54,3.02
-0.21,0.53,2.12
-0.22,0.51,1.58
-0.21,0.29,1.21
-0.19,0.06,0.94
-0.17,-0.14,0.82
-0.15,-0.25,0.88
-0.14,-0.16,0.95
-0.16,-0.04,1
-0.18,0,1.36
-0.17,0.1,1.83
-0.17,0.08,1.99
-0.17,0.06,1.99
-0.18,0.15,1.84
-0.2,0.18,1.46
-0.22,0.14,1.11
-0.2,-0.01,0.88
-0.19,-0.14,0.84
-0.19,-0.17,0.83
-0.17,-0.13,0.84
-0.15,-0.12,0.99
-0.13,-0.04,1.14
-0.12,0.1,1.2
-0.11,0.13,1.29
-0.12,0.14,1.27
-0.14,0.2,1.08
-0.15,0.16,0.93
-0.15,0.06,0.89
-0.14,0.02,0.92
-0.15,0,0.93
-0.15,-0.06,0.9
-0.15,-0.08,0.94
-0.15,0.01,0.97
-0.14,0.05,0.99
-0.14,0.03,1
-0.15,0.07,0.98
-0.15,0.04,0.93
-0.16,0.02,0.93
-0.17,0.05,0.91
-0.17,0.01,0.91
-0.17,0.02,0.95
-0.17,0.07,0.99
-0.17,0.06,1.02
-0.17,0.02,1.03
-0.16,0.02,0.99
-0.16,0.07,0.96
-0.15,0.05,0.95
-0.15,0.01,0.97
-0.15,0.01,0.98
-0.16,0.09,0.96
-0.16,0.11,0.98
-0.16,0.03,1.06
-0.17,0.01,1.08
-0.17,0.06,0.97
-0.17,0.04,0.88
-0.16,-0.01,0.91
-0.15,-0.01,0.98
-0.15,0.01,0.98
-0.15,0.02,0.97
-0.15,0.03,0.97
-0.15,0.03,0.96
-0.16,0.07,0.98
-0.16,0.09,1
-0.16,0.06,1.02
-0.16,0.05,1.03
-0.17,0.08,0.98
-0.17,0.07,0.91
-0.17,0.03,0.96
-0.17,0.02,1.01
-0.17,0.01,1.01
-0.18,0.02,1.01
-0.17,0.02,1
-0.18,0.01,1
-0.17,0.05,1.04
-0.17,0.06,1.05
-0.17,0.06,1.01
-0.17,0.04,0.95
-0.17,0.04,0.92
-0.17,0.07,0.91
-0.16,0.04,0.9
-0.15,0.03,0.93
-0.41,-0.04,3.06
-0.55,0.26,4
-0.78,0.57,4
-1.06,0.92,4
-1.44,0.99,4
-1.91,1.25,4
-2.5,1.14,3.98
-2.9,0.68,3.01
-3,-0.36,2.29
-2.91,-1.49,0.89
-2.39,-1.75,-0.66
-1.86,-1.1,-1.73
-1.25,0.24,-2.01
-0.79,1,-2.42
-0.38,0.32,-2.6
-0.06,-0.25,-2.59
0.11,-0.09,-2.99
0.2,-0.03,-3.05
0.25,-0.07,-2.17
0.29,0.08,-1.21
0.3,0.14,-0.88
0.27,0,-1.09
0.26,-0.22,-1.16
0.28,-0.37,-1.04
0.29,-0.35,-1.02
0.26,-0.25,-1.12
0.19,-0.22,-0.9
0.17,-0.19,-0.24
0.21,-0.08,0.3
0.21,0.06,0.41
0.23,0.18,0.51
0.3,0.08,0.85
0.4,0.02,0.94
0.43,0.07,0.67
0.45,0.07,0.43
0.5,0.03,0.29
0.49,0.06,0.1
0.42,0.09,-0.05
0.34,0.07,-0.04
0.24,0,0.06
0.06,-0.01,0.33
0.06,0.02,1.11
0.07,0.2,1.9
0.2,0.47,2.21
0.26,0.6,1.97
0.26,0.62,1.52
0.23,0.41,1.15
0.18,0.05,0.8
0.13,-0.15,0.53
0.05,-0.13,0.37
-0.04,-0.07,0.34
-0.13,-0.03,0.57
-0.16,-0.06,1.14
-0.21,-0.07,1.87
-0.1,0.04,2.64
-0.07,0.24,2.98
-0.02,0.27,2.67
-0.08,0.25,2.01
-0.07,0.3,1.29
-0.1,0.16,0.87
-0.07,-0.06,0.76
-0.08,-0.06,0.79
-0.07,-0.08,0.73
-0.06,-0.19,0.76
-0.07,-0.21,0.83
-0.11,-0.2,0.96
-0.1,-0.22,1.43
-0.09,-0.12,1.81
-0.11,0.02,1.69
-0.12,0.05,1.5
-0.13,0.06,1.39
-0.14,0.12,1.23
-0.16,0.14,1.04
-0.18,0.05,0.91
-0.16,-0.09,0.93
-0.15,-0.14,1
-0.14,-0.11,1
-0.12,-0.11,1.01
-0.1,-0.06,1.05
-0.1,-0.01,1.07
-0.1,0.01,1.16
-0.1,0.08,1.21
-0.11,0.13,1.14
-0.12,0.1,0.98
-0.13,0.02,0.91
-0.13,-0.01,0.9
-0.13,-0.01,0.86
-0.12,-0.02,0.87
-0.11,0,0.92
-0.11,0.05,0.95
-0.1,0.06,0.99
-0.1,0.02,1.02
-0.1,0.01,0.99
-0.1,0.06,0.95
-0.1,0.06,0.97
-0.1,0.01,1
-0.11,-0.03,0.97
-0.12,-0.01,0.9
-0.12,0.02,0.9
-0.11,0.04,0.98
-0.12,0,0.99
-0.12,-0.04,0.94
-0.12,0.01,0.94
-0.11,0.03,0.97
-0.1,0.01,1.01
-0.09,0.08,1.02
-0.09,0.1,1.01
-0.1,0.04,1
-0.1,-0.01,1.02
-0.11,-0.04,0.99
-0.12,-0.06,0.93
-0.12,-0.06,0.91
-0.11,-0.07,0.91
-0.11,0,0.92
-0.1,0.03,0.91
-0.1,-0.01,0.95
-0.1,0.01,1.01
-0.1,0.07,0.99
-0.1,0.03,0.97
-0.1,0.03,0.98
-0.11,0.03,0.99
-0.11,-0.01,1.01
-0.12,-0.04,1.02
-0.12,-0.05,0.95
-0.12,-0.06,0.9
-0.12,-0.05,0.93
-0.12,-0.03,0.96
-0.12,0,0.96
-0.42,0.43,3.82
-0.73,0.18,4
-1.26,0.13,4
-1.9,0.43,4
-2.48,0.14,4
-3.04,-0.05,4
-3.36,0.33,2.88
-3.34,0.34,1.28
-3,-0.31,0.14
-2.46,-1.03,-0.59
-2.01,-0.94,-1.63
-1.36,0.05,-2.64
-0.85,0.03,-2.71
-0.42,-0.23,-1.94
-0.19,-0.03,-1.96
-0.09,0.29,-2.7
0.03,0.2,-2.93
0.15,-0.25,-2.35
0.2,-0.58,-1.49
0.29,-0.21,-0.72
0.32,0.03,-0.49
0.33,-0.14,-0.46
0.4,-0.22,-0.16
0.5,-0.16,0.11
0.53,-0.1,0.21
0.57,0.04,0.41
0.68,0.02,0.52
0.77,0.02,0.45
0.8,0.09,0.36
0.87,0.11,0.44
0.9,0.11,0.41
0.92,0.11,0.28
0.92,0.13,0.22
0.93,0.19,0.36
0.93,0.17,0.53
0.95,0.09,0.66
0.95,0.05,0.54
0.94,-0.02,0.4
0.95,-0.03,0.53
0.95,-0.01,0.59
0.94,-0.06,0.51
0.93,-0.1,0.52
0.93,-0.08,0.6
0.91,-0.04,0.65
0.91,-0.01,0.7
0.91,-0.01,0.7
0.9,-0.01,0.6
0.89,-0.03,0.58
0.88,-0.06,0.57
0.87,-0.07,0.5
0.86,-0.06,0.44
0.85,-0.05,0.41
0.84,-0.04,0.43
0.84,-0.04,0.51
0.84,-0.02,0.56
0.83,0.02,0.53
0.82,-0.02,0.53
0.82,-0.1,0.51
0.81,-0.07,0.39
0.79,-0.07,0.37
0.79,-0.09,0.59
0.79,-0.12,0.79
0.8,-0.11,0.75
0.8,-0.08,0.62
0.8,-0.07,0.51
0.8,-0.09,0.5
0.82,-0.11,0.52
0.82,-0.07,0.52
0.82,0.02,0.5
0.82,-0.04,0.55
0.84,-0.03,0.66
0.83,0,0.63
0.82,-0.01,0.58
0.81,-0.09,0.66
0.82,-0.07,0.75
0.81,-0.03,0.66
0.81,0.04,0.56
0.81,0.05,0.6
0.82,-0.02,0.62
0.82,0.03,0.59
0.81,0.01,0.56
0.81,-0.01,0.6
0.81,0,0.6
0.79,-0.07,0.61
0.78,-0.06,0.67
0.77,-0.06,0.68
0.76,-0.07,0.7
0.76,-0.08,0.72
0.76,-0.07,0.68
0.76,-0.05,0.65
0.76,-0.04,0.64
0.76,-0.05,0.62
0.75,-0.02,0.59
0.74,-0.04,0.55
0.73,-0.05,0.58
0.73,0.01,0.54
0.73,-0.05,0.59
0.74,-0.08,0.69
0.74,-0.02,0.71
0.75,0.04,0.69
0.75,0.06,0.66
0.75,0.03,0.61
0.75,0,0.57
0.76,0.01,0.54
0.75,-0.02,0.54
0.76,-0.07,0.53
0.75,-0.07,0.54
0.74,-0.09,0.62
0.74,-0.04,0.71
0.74,-0.03,0.74
0.74,-0.04,0.73
0.75,0,0.68
0.75,-0.02,0.68
0.76,-0.01,0.66
0.75,-0.02,0.61
0.75,-0.07,0.6
0.75,-0.08,0.61
0.75,-0.07,0.61
0.74,-0.03,0.62
0.74,-0.01,0.64
0.73,-0.02,0.65
0.73,-0.01,0.63
0.73,0.02,0.62
0.73,0.02,0.63
0.73,0.04,0.63
0.73,0.06,0.62
0.73,0.02,0.62
0.72,0.03,0.61
