-0.17,-2.67,0.39
-0.27,-3.24,0.4
-0.52,-3.61,0.16
-0.77,-3.63,0.15
-0.55,-3.41,0.06
-1.7,-2.45,-0.46
-1.86,-1.86,-0.71
-2.26,-1.77,0.14
-2.96,-1.72,1.41
-3.13,0.05,2.45
-3.04,1.62,2.76
-2.75,2.5,1.67
-2.53,2.91,0.64
-1.92,4,0.49
-1.64,4,0.59
-1.3,3.12,0.77
-1,1.77,1.1
-0.79,1.09,1.35
-0.66,0.99,1.38
-0.56,1.1,1.29
-0.46,0.97,1.15
-0.38,0.75,1.08
-0.29,0.57,1.08
-0.24,0.41,1
-0.19,0.35,0.95
-0.18,0.43,0.86
-0.17,0.49,0.71
-0.16,0.4,0.65
-0.14,0.28,0.61
-0.12,0.2,0.66
-0.12,0.43,0.63
-0.11,0.4,0.65
-0.09,0.39,0.78
-0.07,0.31,0.9
-0.07,0.32,1
-0.08,0.27,1.05
-0.07,0.18,1.09
-0.06,0.2,1.13
-0.06,0.25,1.07
-0.06,0.32,1
-0.04,0.32,0.99
-0.03,0.3,0.94
-0.02,0.28,0.83
-0.01,0.25,0.79
0,0.2,0.84
0,0.17,0.83
-0.01,0.16,0.85
-0.02,0.22,0.97
-0.03,0.27,1.03
-0.03,0.29,1.06
-0.03,0.29,1.09
-0.02,0.3,1.09
0,0.29,1
0.01,0.18,0.89
0.01,0.16,0.83
0.01,0.16,0.8
-0.01,0.16,0.78
-0.03,0.18,0.8
-0.04,0.15,0.86
-0.03,0.2,0.96
-0.03,0.25,1.02
-0.02,0.25,1.08
-0.01,0.25,1.1
-0.01,0.23,1.07
-0.02,0.22,1
-0.02,0.24,0.94
-0.03,0.26,0.94
-0.04,0.29,0.91
-0.05,0.26,0.87
-0.05,0.25,0.86
-0.05,0.25,0.87
-0.05,0.24,0.9
-0.04,0.24,0.95
-0.04,0.23,0.99
-0.04,0.21,1
-0.04,0.21,1
-0.04,0.23,0.96
-0.04,0.2,0.95
-0.04,0.22,0.96
-0.05,0.29,0.97
-0.05,0.33,0.95
-0.06,0.41,0.9
-0.07,0.29,0.85
-0.03,0.06,0.9
0,0.02,0.92
0.02,0.06,0.93
0.03,0.13,1
0.03,0.16,1.02
0.02,0.17,1
0.02,0.16,1.01
0.02,0.15,1.01
0.01,0.17,1
0.01,0.21,0.98
0,0.21,0.93
-0.01,0.18,0.92
-0.01,0.19,0.91
-0.02,0.18,0.89
-0.02,0.07,0.94
-0.02,0.1,1.01
-0.02,0.18,1
-0.02,0.22,1.02
-0.01,0.21,1.05
-0.01,0.2,1.01
-0.01,0.21,1
-0.01,0.21,0.98
-0.02,0.26,0.92
-0.03,0.34,0.85
-0.04,0.29,0.83
-0.05,0.17,0.88
-0.05,0.12,1.02
-0.05,0.24,1.09
-0.07,0.39,1.09
-0.07,0.41,1.1
-0.07,0.4,1.07
-0.07,0.42,1.06
-0.08,0.46,0.99
-0.08,0.59,0.97
-0.11,0.7,0.95
-0.12,0.69,0.95
-0.14,0.57,0.99
-0.16,0.46,1.05
-0.18,0.3,1.05
-0.16,0.14,1.14
-0.14,0.08,1.11
-0.14,0.07,1.09
-0.09,-0.08,1.15
0.06,-0.2,1.24
0.06,0,1.06
-0.05,-2.59,0.03
-0.4,-3.56,-0.17
-0.62,-4,-0.1
-0.91,-3.93,-0.12
-1.31,-3.54,-0.38
-1.69,-2.96,-0.52
-2.2,-2.39,-0.32
-2.83,-2.35,0.5
-3.12,-1.03,1.43
-3.18,-0.2,1.81
-3.08,0.67,1.53
-2.83,2.3,1.65
-2.32,3.61,1.83
-1.72,4,1.68
-1.27,4,1.42
-1.05,2.36,1.38
-0.89,1.23,1.24
-0.8,0.86,1.18
-0.66,0.86,1.32
-0.52,0.84,1.51
-0.39,0.67,1.54
-0.28,0.37,1.4
-0.21,0.27,1.14
-0.17,0.3,0.85
-0.13,0.37,0.55
-0.13,0.46,0.41
-0.11,0.36,0.3
-0.08,0.18,0.36
-0.05,0.18,0.48
-0.05,0.2,0.64
-0.04,0.12,0.87
-0.02,0.14,1.07
-0.02,0.23,1.15
-0.03,0.28,1.15
-0.02,0.26,1.15
-0.02,0.28,1.1
-0.02,0.3,1
-0.01,0.25,0.93
0,0.17,0.89
0.03,0.07,0.9
0.05,0.06,0.96
0.06,0.04,1.03
0.05,-0.02,1.09
0.05,0.02,1.13
0.03,0.13,1.1
0.01,0.19,1.06
0,0.25,1.03
0,0.25,0.94
0,0.25,0.83
0.01,0.24,0.81
0.01,0.17,0.82
0.01,0.14,0.85
0.01,0.12,0.92
0,0.17,0.93
-0.01,0.2,0.94
-0.02,0.16,0.98
-0.03,0.19,1.04
-0.03,0.28,1.02
-0.04,0.3,0.95
-0.05,0.28,0.89
-0.06,0.22,0.84
-0.06,0.09,0.81
-0.04,0.14,0.83
-0.04,0.19,0.86
-0.05,0.18,0.94
-0.05,0.15,1.04
-0.05,0.16,1.11
-0.04,0.16,1.17
-0.04,0.13,1.2
-0.03,0.07,1.16
-0.03,0.06,1.1
-0.04,0.08,0.99
-0.04,0.09,0.91
-0.04,0.14,0.87
-0.03,0.16,0.85
-0.02,0.17,0.9
-0.02,0.18,0.91
-0.01,0.13,0.92
-0.01,0.1,0.99
-0.01,0.08,1.04
-0.03,0.07,1.04
-0.04,0.04,1.06
-0.04,0.03,1.06
-0.05,0.08,1.01
-0.04,0.1,0.98
-0.04,0.12,0.95
-0.02,0.13,0.88
-0.02,0.09,0.84
-0.01,0.1,0.89
-0.01,0.16,0.93
-0.03,0.15,0.93
-0.03,0.1,0.99
-0.04,0.11,1.03
-0.04,0.12,1.04
-0.03,0.12,1.09
-0.03,0.03,1.08
-0.02,0,1.04
-0.01,0.07,1.03
-0.02,0.13,0.99
-0.03,0.09,0.93
-0.03,0.13,0.91
-0.03,0.17,0.88
-0.02,0.15,0.92
-0.01,0.13,0.99
-0.01,0.16,1.02
-0.02,0.15,1.01
-0.03,0.13,0.99
-0.04,0.15,0.97
-0.07,0.22,0.93
-0.08,0.28,0.91
-0.09,0.23,0.95
-0.08,0.22,0.96
-0.09,0.3,0.94
-0.1,0.35,0.91
-0.1,0.43,0.91
-0.11,0.47,0.91
-0.12,0.44,0.94
-0.13,0.37,1.05
-0.11,0.26,1.18
-0.09,0.23,1.23
-0.09,0.32,1.24
-0.1,0.47,1.18
-0.13,0.49,0.99
-0.12,0.42,0.88
-0.1,0.41,0.86
-0.09,0.56,0.91
-0.1,0.7,0.99
-0.15,0.74,1.01
-0.09,-3,0.25
-0.52,-4,-0.13
-0.94,-4,0.11
-1.5,-4,-0.17
-2.05,-3.37,-1.05
-2.63,-1.81,-1.4
-3.02,-1.29,0.07
-3.11,-0.87,2.36
-3.06,-0.19,2.99
-3.13,0.39,2.17
-2.96,2.04,1.4
-2.66,3.22,0.67
-1.91,4,0.24
-1.39,4,0.17
-1.06,2.68,0.7
-0.86,1.82,1.23
-0.73,1.26,1.38
-0.64,0.82,1.49
-0.54,0.56,1.66
-0.46,0.53,1.65
-0.37,0.59,1.62
-0.3,0.57,1.61
-0.25,0.46,1.4
-0.22,0.43,1.01
-0.19,0.44,0.56
-0.18,0.37,0.3
-0.19,0.34,0.24
-0.18,0.46,0.34
-0.17,0.55,0.62
-0.15,0.5,0.89
-0.13,0.37,1.15
-0.11,0.3,1.32
-0.1,0.32,1.34
-0.1,0.37,1.28
-0.1,0.27,1.16
-0.12,0.23,0.9
-0.1,0.28,0.79
-0.09,0.27,0.79
-0.06,0.22,0.77
-0.05,0.24,0.81
-0.06,0.35,0.85
-0.07,0.33,0.95
-0.08,0.28,1.14
-0.11,0.33,1.27
-0.12,0.36,1.3
-0.13,0.42,1.3
-0.15,0.49,1.25
-0.14,0.52,1.15
-0.13,0.48,1.07
-0.12,0.42,1.03
-0.09,0.37,0.96
-0.07,0.3,0.84
-0.08,0.23,0.8
-0.08,0.09,0.79
-0.07,-0.05,0.78
-0.05,-0.07,0.82
-0.04,-0.04,0.89
-0.04,0.02,0.96
-0.03,0,0.96
-0.02,-0.04,0.98
0.01,0.02,1
-0.01,0.13,0.94
0,0.14,0.9
-0.01,0.05,0.93
-0.02,-0.04,1
-0.03,-0.04,1.04
-0.02,0.02,1.03
-0.02,0.09,1.05
-0.01,0.12,1.07
-0.01,0.07,1.12
-0.01,0.04,1.11
-0.02,0.06,1.01
-0.04,0.08,0.91
-0.03,0.04,0.86
-0.03,-0.03,0.88
-0.01,-0.01,0.92
0.01,0.02,0.92
0.02,0.01,0.93
0.02,-0.02,0.98
0.01,-0.04,1.07
0,-0.06,1.09
-0.01,0.03,1.01
-0.02,0.14,0.97
-0.04,0.07,1
-0.02,-0.11,1.04
-0.01,-0.25,0.98
-0.01,-0.22,0.84
0.01,-0.1,0.79
0.03,-0.05,0.89
0.03,-0.08,1
0.01,-0.09,1.05
0.01,-0.19,1.08
0.03,-0.27,1.12
0.02,-0.33,0.98
0.01,-0.19,0.78
0.02,-0.16,0.68
0.03,-0.28,0.77
0.05,-0.23,0.9
0.04,-0.08,0.92
0.03,-0.15,0.98
0.04,-0.37,1.17
0.05,-0.43,1.21
0.05,-0.33,1.06
0.05,-0.26,0.9
0.05,-0.17,0.8
0.05,-0.17,0.82
0.05,-0.21,0.87
0.06,-0.32,0.94
0.08,-0.3,0.99
0.08,-0.19,0.9
0.07,-0.19,0.92
0.09,-0.29,1.02
0.09,-0.35,1.02
0.1,-0.21,0.9
0.08,-0.11,0.84
0.09,-0.18,0.92
0.1,-0.3,1
0.1,-0.34,0.97
0.09,-0.27,0.89
0.09,-0.25,0.87
0.09,-0.27,0.91
0.09,-0.27,1
0.09,-0.23,1.02
0.09,-0.2,1.03
0.09,-0.13,1.02
0.09,-0.14,1
0.09,-0.21,0.99
0.09,-0.25,0.95
0.01,-2.03,0.78
-0.06,-2.28,0.65
-0.19,-2.32,0.34
-0.34,-2.28,0.05
-0.4,-2.33,0.05
-0.57,-2.41,0.05
-0.88,-2.32,-0.17
-1.21,-2.16,0
-1.53,-1.66,0.4
-1.94,-1.4,0.77
-2.29,-1.06,1.12
-2.42,-0.68,1.28
-2.54,-0.42,1.21
-2.54,0.36,1.13
-2.31,1.44,1
-1.92,2.18,1.03
-1.55,2.61,1.01
-1.13,2.99,0.99
-0.92,2.85,0.95
-0.76,2.3,1.06
-0.67,1.84,1.27
-0.63,1.28,1.36
-0.59,0.75,1.44
-0.54,0.4,1.56
-0.54,0.08,1.48
-0.52,0.07,1.35
-0.49,0.24,1.28
-0.48,0.44,1.22
-0.46,0.71,0.94
-0.43,0.98,0.81
-0.39,1.06,0.81
-0.36,0.85,0.81
-0.32,0.66,0.86
-0.29,0.49,0.89
-0.27,0.38,0.92
-0.25,0.27,0.97
-0.24,0.16,1
-0.22,0.1,1
-0.19,0.14,1.02
-0.17,0.24,1.01
-0.16,0.31,0.98
-0.15,0.4,0.99
-0.14,0.44,1.02
-0.14,0.34,1.03
-0.15,0.18,1.06
-0.14,0.13,1.08
-0.14,0.12,1.05
-0.13,-0.04,1.01
-0.1,-0.06,1.02
-0.09,0.04,1
-0.08,0.17,0.95
-0.08,0.23,0.91
-0.09,0.32,0.87
-0.1,0.4,0.89
-0.11,0.44,1
-0.12,0.49,1.07
-0.14,0.38,1.07
-0.14,0.15,1.1
-0.14,0.07,1.11
-0.12,0.02,1.07
-0.12,-0.13,0.99
-0.11,-0.08,0.86
-0.1,0.09,0.84
-0.08,0.24,0.87
-0.07,0.35,0.88
-0.06,0.46,0.89
-0.08,0.59,0.93
-0.09,0.59,0.92
-0.11,0.41,0.94
-0.12,0.26,1.03
-0.14,0.16,1.05
-0.12,0,1.04
-0.1,-0.06,1.13
-0.06,0.03,1.16
-0.03,0.12,1.14
-0.01,0.23,1.11
-0.01,0.31,1.06
-0.01,0.32,1
-0.02,0.33,0.94
-0.08,0.33,0.86
-0.14,0.28,0.7
-0.15,0.15,0.56
-0.12,0.03,0.59
-0.09,-0.08,0.8
-0.03,-0.2,1.08
0.02,-0.22,1.24
0.05,-0.06,1.24
0.07,0.13,1.18
0.04,0.22,1.13
-0.02,0.2,1.07
-0.1,0.21,0.92
-0.17,0.26,0.7
-0.13,0.26,0.46
-0.15,0.08,0.43
-0.14,-0.23,0.61
-0.11,-0.55,0.88
-0.06,-0.54,1.03
-0.04,-0.36,1
-0.04,-0.3,1.04
-0.04,-0.24,1.17
-0.06,-0.15,1.11
-0.06,-0.07,0.91
-0.08,-0.15,0.78
-0.04,-0.36,0.84
-0.04,-0.3,0.84
-0.05,-0.2,0.69
-0.03,-0.34,0.84
-0.01,-0.49,1.05
0,-0.54,1.03
0,-0.38,0.87
0.02,-0.29,0.83
0.03,-0.42,0.95
0.05,-0.46,1.07
0.04,-0.29,1.03
0.03,-0.11,0.93
0.03,-0.13,1
0.02,-0.25,1.03
0.02,-0.36,1
0.02,-0.34,0.97
0.03,-0.3,0.9
0.04,-0.36,0.84
0.05,-0.37,0.9
0.06,-0.39,0.94
0.05,-0.34,0.87
0.06,-0.24,0.86
0.07,-0.27,0.98
0.07,-0.3,1.1
0.05,-0.23,1.08
-0.53,-3.42,-0.45
-0.92,-4,-0.22
-1.2,-4,0.18
-1.62,-4,0.19
-2.17,-3.72,-0.19
-2.82,-2.79,-0.08
-3.43,-1.06,0.82
-3.83,-0.17,1.9
-3.81,0.8,3
-3.88,0.7,3.08
-3.71,1.9,1.79
-3.47,3.53,0.43
-2.49,4,-0.95
-1.61,4,-0.66
-1.13,3.96,0.45
-0.92,2.07,1.3
-0.74,0.7,1.66
-0.56,0.38,1.68
-0.4,0.48,1.39
-0.26,0.37,1.19
-0.15,0.24,1.05
-0.08,0.11,0.91
-0.04,0.13,0.85
-0.02,0.18,0.79
-0.05,0.16,0.65
-0.08,0.09,0.48
-0.09,0.13,0.54
-0.09,0.26,0.7
-0.1,0.44,0.89
-0.11,0.55,1.16
-0.11,0.63,1.36
-0.11,0.64,1.41
-0.11,0.62,1.34
-0.09,0.57,1.23
-0.1,0.36,1.1
-0.09,0.17,0.89
-0.07,0.07,0.78
-0.03,0.17,0.75
-0.01,0.25,0.81
-0.01,0.26,0.89
0,0.32,0.93
-0.02,0.3,0.95
-0.03,0.37,0.98
-0.04,0.31,0.97
-0.05,0.27,0.97
-0.08,0.16,0.94
-0.1,0.13,0.92
-0.09,0.16,0.98
-0.08,0.24,1
-0.08,0.25,0.98
-0.07,0.24,0.95
-0.07,0.26,0.92
-0.07,0.25,0.91
-0.07,0.23,0.93
-0.08,0.24,0.93
-0.1,0.25,0.89
-0.11,0.19,0.92
-0.12,0.13,0.96
-0.13,0.14,0.99
-0.11,0.19,1.03
-0.1,0.23,1.03
-0.1,0.27,0.99
-0.11,0.28,0.99
-0.1,0.23,0.97
-0.1,0.25,0.92
-0.09,0.27,0.9
-0.08,0.13,0.89
-0.05,-0.01,0.9
-0.04,0.03,0.91
-0.04,0.04,0.93
-0.04,0.1,0.97
-0.06,0.16,0.97
-0.07,0.24,0.98
-0.09,0.29,0.94
-0.1,0.31,0.91
-0.11,0.28,0.93
-0.11,0.28,0.99
-0.11,0.27,1.03
-0.1,0.25,1.07
-0.11,0.27,1.07
-0.12,0.29,1.03
-0.13,0.27,0.99
-0.13,0.26,1.01
-0.12,0.26,1.03
-0.11,0.31,1.03
-0.11,0.38,0.98
-0.1,0.35,0.93
-0.08,0.26,0.93
-0.07,0.26,0.94
-0.06,0.31,0.92
-0.06,0.38,0.94
-0.06,0.47,1.02
-0.06,0.52,1.11
-0.08,0.47,1.12
-0.1,0.43,1.11
-0.17,0.36,1.07
-0.17,0.11,0.9
-0.12,-0.06,0.85
-0.08,-0.02,0.81
-0.04,0.03,0.81
-0.04,0.09,0.9
0,0.24,1
-0.02,0.35,1.03
-0.01,0.43,1.03
-0.06,0.43,1.08
-0.09,0.26,1.09
-0.15,0.08,1.02
-0.16,-0.17,0.92
-0.15,-0.34,0.89
-0.1,-0.28,0.81
-0.05,-0.06,0.84
-0.04,0.14,0.87
-0.02,0.25,0.92
-0.04,0.22,1.01
-0.03,0.14,1.12
-0.06,0.56,0.98
-0.13,0.38,0.98
-0.11,-0.29,1.32
-0.09,-0.44,1.16
-0.1,-0.34,0.77
-0.06,-0.25,0.65
-0.01,0.04,0.69
-0.02,0.18,0.82
-0.03,0.13,1.02
-0.01,0.07,1.04
-0.01,0.04,0.88
-0.01,-0.08,0.88
0,-0.22,1.01
-0.23,-2.86,0.41
-0.57,-4,0.44
-0.78,-4,0.28
-1.31,-4,0.05
-1.72,-3.66,-0.48
-2.22,-3.05,-1.25
-2.97,-2.65,-1.32
-3.97,-2.54,-0.57
-4,-1.68,1.25
-4,-0.17,2.31
-4,1.86,3.3
-3.83,3.04,3.51
-2.89,4,2.63
-2.2,4,1.6
-1.57,4,0.72
-1.18,2.55,1.11
-0.9,0.84,1.58
-0.74,0.37,1.42
-0.58,0.46,1.25
-0.37,0.46,1.51
-0.21,0.31,1.6
-0.12,0.15,1.39
-0.08,0.11,1.16
-0.04,0.22,0.98
-0.02,0.25,0.76
-0.04,0.25,0.45
-0.06,0.21,0.28
-0.07,0.12,0.36
-0.04,0,0.62
-0.03,-0.08,0.84
-0.02,-0.12,0.96
-0.02,-0.11,1.09
-0.01,-0.04,1.27
-0.01,0.05,1.27
-0.02,0.06,1.17
-0.01,0.1,1.18
-0.02,0.14,1.11
-0.03,0.04,0.98
-0.02,-0.08,0.91
0.01,-0.01,0.87
0.03,0.1,0.9
0.04,0.11,0.93
0.04,0.08,1
0.03,0.09,1.07
0.01,0.07,1.12
-0.01,0.1,1.13
-0.05,0.16,1.08
-0.06,0.15,1.1
-0.06,0.11,1.1
-0.05,0.04,0.99
-0.03,0,0.91
-0.01,-0.02,0.86
0,0.01,0.76
-0.01,0,0.67
-0.01,0.02,0.81
-0.01,0.05,0.96
-0.02,0.06,0.96
-0.02,0.08,1.05
0,0.03,1.14
0.01,-0.04,1.16
0.01,-0.04,1.03
0,-0.02,0.91
-0.01,-0.01,0.82
-0.02,0.08,0.79
-0.03,0.15,0.85
-0.03,0.17,0.96
-0.03,0.16,1.01
-0.03,0.11,1.06
-0.01,0.06,1.15
0.01,0.01,1.16
0.02,-0.02,1.11
0.03,0.01,1.05
0,-0.05,0.98
0.01,-0.09,0.89
0,0,0.84
0,0.18,0.86
0,0.26,0.89
0,0.28,0.98
0.01,0.29,1.03
-0.01,0.3,1.04
-0.01,0.2,1.13
-0.01,0.11,1.28
-0.01,0.07,1.31
-0.01,0.05,1.22
-0.01,0.05,1.21
-0.01,0.08,1.21
-0.01,0.1,1.16
0,0.17,1.08
0.02,0.29,0.98
0.02,0.46,0.78
0.03,0.62,0.66
0.02,0.68,0.64
-0.01,0.64,0.66
-0.04,0.45,0.79
-0.03,0.27,1.04
-0.04,0.2,1.18
-0.05,0.15,1.24
-0.06,0.16,1.23
-0.1,0.14,1.1
-0.08,0.1,0.95
-0.07,0.08,0.78
-0.08,0.1,0.73
-0.07,0.07,0.71
-0.07,0.06,0.67
-0.08,0.09,0.73
-0.08,0.03,0.84
-0.05,-0.04,1.02
-0.04,-0.18,1.25
-0.03,-0.37,1.46
-0.02,-0.47,1.39
-0.01,-0.35,1.03
0,-0.16,0.56
0.02,-0.16,0.35
0.06,-0.24,0.47
0.08,-0.19,0.59
0.07,-0.07,0.66
0.04,-0.02,0.83
0.02,-0.09,1.04
0,-0.29,1.2
0.01,-0.47,1.27
0.01,-0.49,1.19
0,-0.32,0.84
-0.02,-0.27,0.58
0.03,-0.37,0.79
0.06,-0.51,1.01
0.06,-0.5,0.97
0.06,-0.43,0.88
0.06,-0.43,0.91
-0.2,-2.88,0.12
-0.55,-4,0.85
-0.57,-2.86,0.92
-0.83,-1.81,-0.56
-1.07,-0.98,-0.72
-1.11,-0.4,0.26
-1.23,0.45,0.65
-1.21,1.46,0.87
-1.15,2.21,1.31
-0.97,2.78,2.16
-0.55,3.56,2.97
-0.45,3.07,2.82
-0.5,1.51,1.81
-0.37,1.25,1.38
-0.25,0.57,1.13
-0.15,-0.2,0.97
-0.08,-0.32,0.89
-0.02,-0.28,0.8
-0.01,-0.33,0.74
0.01,-0.51,0.72
0.02,-0.75,0.71
0.03,-0.69,0.72
-0.01,-0.27,0.43
-0.06,0.28,0.1
-0.07,0.33,0.6
-0.07,0.24,1.19
-0.12,0.18,1.25
-0.14,0.26,1.27
-0.14,0.24,1.27
-0.13,0.18,1.27
-0.12,0.01,1.21
-0.09,-0.27,1.14
-0.06,-0.27,1.11
-0.03,0,0.92
-0.03,0.22,0.62
-0.02,0.36,0.72
0,0.2,1.1
-0.01,0.06,1.23
-0.04,0,1.16
-0.05,0.01,1.13
-0.05,0.02,1.17
-0.06,0.04,1.2
-0.06,0.06,1.18
-0.05,0.12,1.1
-0.05,0.16,1.02
-0.05,0.14,0.95
-0.04,0.11,0.89
-0.05,-0.01,0.81
-0.04,-0.14,0.8
-0.03,-0.2,0.8
-0.03,-0.16,0.85
-0.02,-0.17,0.94
-0.02,-0.17,1.05
-0.02,-0.14,1.09
-0.02,-0.01,1.04
-0.03,0.1,0.95
-0.04,0.1,0.95
-0.05,0.08,1
-0.08,0.06,1.01
-0.07,0.04,1.03
-0.07,0.02,1.04
-0.05,-0.01,1.03
-0.05,-0.13,0.98
-0.04,-0.23,0.96
-0.02,-0.2,1
-0.01,-0.16,0.99
-0.02,-0.11,0.98
-0.02,0.01,0.98
-0.03,0.02,0.97
-0.02,-0.02,0.98
-0.02,-0.03,0.99
-0.02,-0.02,0.99
-0.02,-0.03,0.97
-0.03,-0.07,0.98
-0.03,-0.11,0.99
-0.03,-0.1,0.98
-0.03,-0.13,1.02
-0.04,-0.09,1.02
-0.03,-0.03,1.01
-0.03,-0.01,0.99
-0.02,0.03,0.99
-0.02,0.05,0.94
-0.03,0.09,0.93
-0.04,0.09,0.94
-0.04,0.04,1.02
-0.03,0.01,1.04
-0.04,-0.02,0.99
-0.03,0.01,1.03
-0.02,0.06,1.05
-0.03,0.05,1.02
-0.03,0.11,1.07
-0.02,0.18,1.13
-0.03,0.23,1.1
-0.02,0.27,1.13
-0.03,0.33,1.14
-0.03,0.37,1.14
-0.05,0.32,1.19
-0.07,0.32,1.29
-0.08,0.32,1.26
-0.11,0.28,1.03
-0.12,0.26,0.88
-0.11,0.22,0.86
-0.08,0.2,0.91
-0.08,0.13,0.94
-0.07,0.05,0.89
-0.06,0.01,0.82
-0.06,-0.12,0.87
-0.01,-0.28,1.05
-0.01,-0.34,1
0.02,-0.27,0.83
0.05,-0.32,0.72
0.05,-0.31,0.8
0.07,-0.3,0.97
0.05,-0.24,0.96
0.05,-0.2,0.87
0.06,-0.24,0.92
0.08,-0.34,0.98
0.1,-0.4,0.99
0.1,-0.41,0.86
0.11,-0.41,0.76
0.13,-0.42,0.77
0.13,-0.4,0.82
0.13,-0.31,0.92
0.12,-0.25,0.98
0.13,-0.21,1.01
0.13,-0.2,1.04
0.14,-0.23,1.04
0.14,-0.22,1
-0.03,-2.83,0.6
-0.49,-4,0.33
-0.91,-4,-0.12
-1.4,-4,-1
-2.24,-4,-2.01
-3.33,-4,-2.26
-4,-3.93,-0.97
-4,-1.64,0.99
-4,0.67,2.97
-4,1.59,3.99
-3.73,2.12,4
-3.35,3.59,3.28
-2.41,4,1.39
-1.68,4,0.04
-1.21,2.39,0.29
-0.91,0.91,1.07
-0.79,0.54,1.16
-0.65,0.53,1.26
-0.48,0.22,1.64
-0.36,0.04,1.8
-0.33,0.42,1.65
-0.29,0.68,1.65
-0.24,0.51,1.62
-0.23,0.26,1.21
-0.22,0.21,0.75
-0.18,0.26,0.52
-0.15,0.3,0.41
-0.14,0.31,0.35
-0.13,0.2,0.52
-0.09,0.16,0.85
-0.11,0.1,0.91
-0.11,0.09,1.09
-0.08,0.09,1.42
-0.09,0.08,1.56
-0.1,0.05,1.46
-0.11,0.1,1.25
-0.11,0.02,1.14
-0.1,0.06,0.93
-0.09,0.03,0.79
-0.04,0,0.79
0,0.03,0.82
0.02,0.09,0.86
0.04,0.07,0.88
0.04,-0.02,0.9
0.02,0.05,0.95
0.01,0.13,1.06
0,0.11,1.23
-0.02,0.01,1.16
-0.04,-0.09,1.01
-0.03,-0.03,0.96
-0.02,0.03,0.91
-0.01,0.11,0.88
-0.01,0.14,0.89
-0.02,0.15,0.91
-0.03,0.12,0.95
-0.04,0.15,0.91
-0.05,0.08,0.89
-0.04,0.03,0.93
-0.04,-0.02,0.93
-0.02,-0.04,0.92
0,0,0.99
0,0.03,1.02
-0.02,0.03,0.99
-0.02,0.08,1
-0.04,0.13,1.01
-0.06,0.24,1.01
-0.09,0.31,1.04
-0.09,0.31,1.12
-0.1,0.29,1.17
-0.1,0.26,1.16
-0.1,0.27,1.13
-0.11,0.33,1.09
-0.09,0.36,1.12
-0.09,0.38,1.12
-0.08,0.45,1.13
-0.08,0.48,1.15
-0.08,0.51,1.16
-0.08,0.59,1.19
-0.1,0.71,1.17
-0.16,0.82,1.12
-0.25,0.66,0.93
-0.29,0.38,0.76
-0.32,0.22,0.78
-0.33,0.01,0.72
-0.3,-0.16,0.63
-0.22,-0.27,0.7
-0.15,-0.34,0.84
-0.08,-0.38,1
-0.01,-0.38,1.18
0.02,-0.29,1.25
0.02,-0.03,1.14
-0.02,0.27,0.93
-0.07,0.18,0.89
-0.09,-0.05,0.97
-0.1,-0.19,0.99
-0.12,-0.25,0.77
-0.11,-0.2,0.58
-0.1,-0.28,0.61
-0.03,-0.44,0.85
0.02,-0.54,0.99
0.05,-0.6,1.03
0.1,-0.47,0.93
0.11,-0.24,0.71
0.08,-0.1,0.64
0.1,0.08,0.72
0.05,0.08,0.77
0.01,-0.02,0.89
0,-0.21,1.04
0.04,-0.36,1.12
0.05,-0.37,1
0.03,-0.4,0.79
0.05,-0.45,0.78
0.11,-0.59,0.92
0.11,-0.67,0.98
0.12,-0.53,1.01
0.12,-0.31,1.03
0.09,-0.14,0.96
0.07,-0.13,0.94
0.08,-0.24,1.14
0.1,-0.39,1.29
0.1,-0.47,1.1
0.1,-0.42,0.77
0.1,-0.44,0.74
0.12,-0.46,0.88
0.13,-0.44,0.95
0.11,-0.35,0.93
0.11,-0.27,0.93
0.1,-0.27,0.99
0.03,-2.82,1
-0.32,-4,0.81
-0.55,-4,0.99
-0.78,-4,0.9
-1.22,-3.75,-0.15
-1.55,-2.53,-1.01
-1.91,-2.16,-1.42
-2.75,-2.61,-0.89
-3.8,-1.62,0.31
-3.99,0.94,1.53
-3.22,2.73,2.85
-2.24,3.67,3.26
-1.67,4,2.22
-1.28,4,0.48
-0.99,4,-0.05
-0.74,3.03,0.72
-0.55,1.65,1.45
-0.44,0.88,1.55
-0.34,0.45,1.45
-0.23,-0.15,1.27
-0.11,-0.58,1.13
-0.05,-0.6,1.02
-0.01,-0.27,0.93
-0.01,-0.04,0.87
-0.03,0.06,0.96
-0.03,0.15,1.07
-0.1,0.26,1.03
-0.16,0.44,0.93
-0.19,0.62,0.91
-0.2,0.69,0.98
-0.17,0.55,1.1
-0.14,0.3,1.24
-0.1,0.14,1.27
-0.07,0,1.24
-0.04,-0.07,1.17
-0.01,-0.11,1.12
0.01,-0.09,1.09
0.04,-0.01,1.08
0.04,0.06,1.03
0.04,0.12,1
0.04,0.16,1
0.04,0.18,1.02
0.03,0.14,1.03
0.01,0.04,1.04
0.01,-0.06,1.02
0,-0.17,0.96
0.02,-0.15,0.92
0.03,-0.05,0.96
0.04,0.03,1.02
0.04,0.05,1.05
0.03,0.04,1.06
0.02,0.02,1.04
0.01,0.02,1.01
0,-0.01,0.94
0,0,0.9
0.01,0.03,0.87
0.01,0.03,0.86
0.02,0.04,0.87
0.03,0.07,0.92
0.04,0.1,0.96
0.03,0.08,0.97
0.04,0.05,1.01
0.04,0.03,1.05
0.03,-0.01,1.01
0.02,-0.03,0.98
0.01,-0.03,0.99
0.02,-0.01,0.96
0.03,0.03,0.94
0.03,0.07,0.95
0.04,0.1,0.99
0.05,0.11,1.03
0.05,0.11,1.06
0.05,0.12,1.07
0.05,0.17,1.08
0.05,0.25,1.08
0.04,0.32,1.13
0.02,0.39,1.12
0.01,0.43,1.12
0,0.39,1.15
-0.01,0.31,1.09
-0.04,0.23,0.96
-0.06,0.14,0.85
-0.07,0.02,0.82
-0.05,0.04,0.85
-0.01,0.21,0.9
0.01,0.26,0.92
0.02,0.19,0.98
0.03,0.17,1.05
0.02,0.11,1.06
0.02,-0.02,1.02
0.01,-0.08,0.99
0.02,-0.11,0.92
0.02,-0.08,0.86
0.04,-0.04,0.83
0.04,0.07,0.86
0.04,0.15,0.86
0.04,0.16,0.85
0.03,0.16,0.84
0.02,0.11,0.91
0.01,0,0.99
0.03,-0.07,1.05
0.05,-0.2,1.12
0.07,-0.29,1.15
0.09,-0.27,1.06
0.09,-0.19,0.98
0.1,-0.12,0.97
0.1,-0.06,0.93
0.08,-0.09,0.91
0.11,-0.18,0.93
0.08,-0.12,0.82
0.07,-0.21,0.77
0.08,-0.39,0.93
0.11,-0.49,0.98
0.12,-0.38,0.81
0.12,-0.23,0.62
0.13,-0.12,0.63
0.11,-0.04,0.7
0.1,0.03,0.75
0.08,-0.01,0.83
0.08,-0.21,1.06
0.09,-0.39,1.23
0.09,-0.46,1.17
0.09,-0.39,1.04
0.09,-0.32,0.95
0.09,-0.32,1
0.11,-0.32,1.05
0.11,-0.31,0.99
0.11,-0.28,0.92
-0.14,-2.46,0.55
-0.24,-2.64,0.4
-0.41,-2.86,0.37
-0.59,-3.63,0.38
-0.66,-3.04,0.58
-0.95,-3.01,0.47
-1.21,-2.74,0.25
-1.47,-2.57,-0.03
-1.91,-2.48,-0.45
-2.51,-2.19,-0.49
-3.28,-1.65,0
-3.97,-0.75,0.8
-4,0.32,1.96
-4,1.32,3.3
-3.75,1.47,3.08
-3.27,2.63,1.89
-2.79,3.96,0.36
-1.99,4,-0.4
-1.46,4,-0.07
-1.09,3.15,1.14
-0.87,2.26,2.02
-0.73,1.62,2.01
-0.56,1.09,1.77
-0.38,0.52,1.52
-0.23,-0.02,1.15
-0.13,-0.31,0.85
-0.06,-0.26,0.7
-0.02,-0.15,0.67
-0.02,-0.04,0.67
-0.02,0.06,0.61
0,0.12,0.61
-0.01,0.2,0.58
-0.03,0.12,0.64
-0.02,0.2,0.95
-0.04,0.15,1.09
-0.06,0.08,1.22
-0.07,0.07,1.32
-0.07,0.15,1.35
-0.06,0.22,1.29
-0.03,0.26,1.16
0.01,0.25,1.05
0.02,0.15,0.91
0.03,0.04,0.79
0.02,0.01,0.72
0.01,0.01,0.76
0,0.07,0.88
-0.02,0.16,0.92
-0.03,0.24,1.05
-0.03,0.23,1.18
-0.03,0.15,1.22
-0.01,0.14,1.21
0,0.15,1.05
0,0.09,0.9
-0.01,0.05,0.79
-0.02,0.03,0.76
-0.03,0,0.82
-0.04,0.03,0.9
-0.05,0.13,0.96
-0.05,0.21,1.07
-0.03,0.27,1.17
-0.02,0.2,1.16
0,0.09,1.14
0,0,1.02
-0.01,-0.02,0.86
-0.03,0.03,0.73
-0.05,0.09,0.72
-0.06,0.18,0.8
-0.06,0.18,0.92
-0.06,0.25,1.02
-0.07,0.31,1.03
-0.05,0.5,0.97
-0.05,0.52,0.95
-0.06,0.41,0.98
-0.07,0.22,1
-0.09,0.23,0.95
-0.11,0.29,0.92
-0.13,0.26,0.9
-0.13,0.17,0.96
-0.11,0.14,1.09
-0.08,0.14,1.13
-0.06,0.16,1.06
-0.06,0.28,1.01
-0.07,0.42,0.98
-0.11,0.49,1
-0.15,0.5,1.03
-0.17,0.44,1.11
-0.19,0.38,1.17
-0.22,0.38,1.14
-0.17,0.13,1.13
-0.15,-0.11,1.11
-0.12,-0.11,0.99
-0.09,-0.09,0.87
-0.07,-0.11,0.81
-0.06,0.05,0.81
-0.09,0.3,0.83
-0.13,0.33,0.86
-0.15,0.25,0.82
-0.14,0.15,0.88
-0.14,-0.16,0.97
-0.13,-0.35,1.05
-0.07,-0.51,0.99
-0.03,-0.56,0.92
0,-0.4,0.93
0,-0.14,0.92
-0.01,-0.09,0.99
-0.01,-0.1,1.08
-0.01,-0.05,1.06
0,-0.08,1.09
0,-0.18,1.08
0.01,-0.28,1.02
0.02,-0.35,0.99
0.04,-0.39,0.9
0.05,-0.39,0.81
0.05,-0.37,0.84
0.07,-0.24,1.02
0.07,-0.17,1.02
0.06,-0.11,0.94
0.06,-0.05,0.88
0.07,-0.04,0.87
0.07,-0.08,0.99
0.08,-0.13,1.1
0.07,-0.21,1.1
0.08,-0.17,0.99
0.08,-0.08,0.87
0.08,-0.05,0.92
0.09,0.02,0.89
0.08,0.03,0.9
0.09,-0.07,1.05
-0.09,-2.67,0.57
-0.22,-3,0.36
-0.59,-4,0.38
-0.62,-3.28,0.84
-0.92,-3,0.5
-1.26,-1.74,0.43
-1.38,-0.14,0.6
-1.39,0.6,0.51
-1.4,0.73,0.71
-1.35,0.79,1.07
-1.36,0.94,1.14
-1.34,0.91,0.97
-1.24,1.22,1.01
-1.07,1.84,1.6
-0.66,2.29,2.07
-0.44,2.39,1.41
-0.35,2.43,0.64
-0.26,2.3,0.59
-0.21,1.68,0.92
-0.19,1.06,1.25
-0.15,0.82,1.36
-0.14,0.65,1.32
-0.09,0.58,1.27
-0.05,0.63,1.21
-0.03,0.53,1.05
-0.03,0.32,0.92
-0.01,0.01,0.86
-0.01,-0.26,0.83
0.01,-0.4,0.82
0.02,-0.37,0.81
0.05,-0.25,0.84
0.07,-0.12,0.92
0.08,0,0.99
0.07,0.07,0.98
0.08,0.14,0.97
0.07,0.09,0.99
0.06,0.04,1.03
0.04,-0.06,1.07
0.04,-0.11,1.16
0.02,-0.17,1.13
0.04,-0.16,1.07
0.05,-0.12,1.07
0.05,-0.06,1.06
0.06,0.06,1.07
0.08,0.09,1.06
0.08,0.07,1
0.08,0.03,0.96
0.06,0,0.94
0.05,-0.06,0.97
0.04,-0.05,1
0.02,-0.03,0.97
0.02,0.01,1.01
0.03,0.06,1.07
0.04,0.08,1.05
0.05,0.05,1.05
0.06,0.04,1
0.07,0.02,0.96
0.07,-0.04,0.92
0.07,-0.06,0.92
0.07,-0.05,0.89
0.06,-0.04,0.88
0.07,-0.02,0.9
0.06,-0.04,0.92
0.07,-0.05,0.98
0.06,-0.09,0.99
0.05,-0.08,0.95
0.04,-0.04,1
0.04,0.04,1.03
0.04,0.09,0.99
0.04,0.1,0.98
0.04,0.12,0.98
0.04,0.18,0.98
0.04,0.16,0.96
0.04,0.11,0.96
0.04,0.04,1
0.04,0.01,1.02
0.04,0.03,1.01
0.04,0.1,1
0.06,0.13,0.99
0.04,0.14,1.01
0.04,0.16,1.03
0.06,0.19,1.02
0.05,0.28,0.97
0.02,0.3,0.92
0.04,0.22,0.98
0.03,0.02,1
0.04,-0.08,1.06
0.04,-0.11,1.06
0.03,-0.09,0.99
0.03,-0.01,1
0.05,0.18,1
0.05,0.32,0.95
0.05,0.3,0.99
0.06,0.25,1.07
0.06,0.28,1.03
0.05,0.27,0.95
0.04,0.14,0.98
0.05,0.07,1.05
0.04,0.12,1.04
0.03,0.15,0.98
0.03,0.09,0.98
0.05,0.1,1.01
0.06,0.09,0.97
0.05,0.06,0.94
0.05,-0.08,0.93
0.04,-0.16,0.94
0.04,-0.07,0.83
0.05,0.09,0.71
0.03,0.1,0.7
0.02,0.16,0.8
0.01,0.08,0.96
0.02,-0.11,1.13
0.04,-0.15,1.2
0.05,-0.15,1.1
0.05,-0.23,1.06
0.07,-0.23,1.09
0.07,-0.17,0.98
0.07,-0.14,0.94
0.07,-0.03,0.99
0.06,0.09,0.94
0.05,0.25,0.87
0.05,0.24,0.95
0.05,0.13,0.97
0.05,0.06,0.96
0.05,-0.11,1.01
0.06,-0.31,1.03
0.09,-0.3,0.91
0.06,-0.1,0.72
-0.27,-2.17,0.56
-0.32,-2.27,0.72
-0.36,-2.3,1.03
-0.4,-2.41,1.07
-0.44,-2.48,1.07
-0.5,-2.4,1.21
-0.54,-2.08,1.37
-0.54,-1.46,1.28
-0.51,-0.5,1.12
-0.46,0.6,1.14
-0.33,1.46,1.32
-0.18,1.82,1.32
-0.08,1.89,1.03
0.01,1.8,0.8
0.1,1.72,0.85
0.14,1.86,0.85
0.18,1.92,0.94
0.21,1.76,1.06
0.21,1.49,0.99
0.21,1.2,0.93
0.2,0.92,0.91
0.18,0.68,0.86
0.17,0.53,0.83
0.15,0.54,0.81
0.14,0.59,0.85
0.13,0.54,0.86
0.14,0.48,0.81
0.14,0.46,0.8
0.16,0.42,0.86
0.16,0.36,0.81
0.17,0.35,0.77
0.18,0.36,0.79
0.2,0.34,0.84
0.21,0.25,0.85
0.21,0.14,0.83
0.2,0.02,0.82
0.19,-0.02,0.87
0.18,-0.03,0.92
0.18,0,1
0.17,-0.01,1.05
0.17,-0.04,1.09
0.17,-0.08,1.07
0.16,-0.11,1.04
0.17,-0.11,1.04
0.17,-0.06,1.05
0.18,0.04,1.05
0.2,0.08,1.04
0.2,0.07,0.99
0.2,0.04,0.97
0.21,-0.04,0.98
0.2,-0.06,0.97
0.2,-0.04,1.03
0.2,0.01,1.04
0.21,0.04,1.02
0.21,0.04,1.04
0.21,0.04,1.05
0.2,0.04,1.03
0.19,0.03,1.05
0.19,0.02,1.02
0.19,0.01,0.98
0.19,-0.06,0.98
0.18,-0.07,0.95
0.16,-0.05,0.95
0.16,-0.04,0.98
0.15,0,0.96
0.15,0.07,0.95
0.15,0.08,0.96
0.14,0.01,0.94
0.13,0.01,0.94
0.13,0.01,0.98
0.14,0.04,0.98
0.15,0.08,0.96
0.16,0.08,0.94
0.18,0.09,0.96
0.19,0.17,0.93
0.2,0.22,0.95
0.2,0.21,0.93
0.21,0.19,0.91
0.21,0.18,0.93
0.22,0.17,0.94
0.22,0.11,0.92
0.22,0.07,0.92
0.22,0.06,0.98
0.21,0.06,1.02
0.2,0.05,1.03
0.19,0.08,1.02
0.19,0.11,1.04
0.21,0.14,1.06
0.23,0.13,0.97
0.23,0.05,0.94
0.23,0.02,0.92
0.21,0.01,0.92
0.2,0,0.95
0.19,-0.01,0.97
0.18,0.06,1.02
0.18,0.12,1.06
0.19,0.12,1.04
0.21,0.1,0.99
0.19,0.06,0.92
0.23,0,0.91
0.23,-0.03,0.83
0.23,-0.05,0.81
0.22,-0.03,0.84
0.22,-0.01,0.9
0.21,0.02,0.94
0.22,0.03,0.96
0.22,-0.05,0.96
0.21,-0.07,0.94
0.21,-0.12,0.91
0.19,-0.14,0.9
0.19,-0.12,0.95
0.19,-0.05,0.96
0.19,0.02,0.95
0.2,0.04,0.92
0.21,-0.01,0.86
0.21,-0.05,0.89
0.2,-0.11,0.85
0.2,-0.13,0.88
0.16,-0.14,0.96
0.15,-0.12,1.02
0.13,-0.03,1.02
0.14,-0.11,1.13
0.16,-0.15,1.13
0.16,-0.13,0.97
0.16,-0.13,0.93
0.16,-0.17,0.97
0.16,-0.13,0.94
0.16,-0.08,0.92
-0.19,-2.36,0.67
-0.3,-2.65,0.71
-0.44,-3.1,0.69
-0.5,-2.99,0.78
-0.56,-2.85,0.85
-0.65,-2.68,0.94
-0.65,-2.25,1.14
-0.72,-1.71,1.17
-0.71,-0.93,1.23
-0.67,-0.18,1.29
-0.58,0.63,1.35
-0.46,1.27,1.35
-0.35,1.42,1.19
-0.26,1.4,0.94
-0.22,1.34,0.76
-0.16,1.25,0.78
-0.12,1.14,0.96
-0.08,1.24,1.13
-0.01,1.63,1.31
0.05,1.93,1.46
0.09,2.05,1.59
0.14,1.98,1.56
0.15,1.63,1.25
0.14,1.31,0.98
0.11,1.02,0.83
0.09,0.76,0.8
0.06,0.55,0.78
0.04,0.31,0.83
0.03,0.26,0.92
0.04,0.4,0.98
0.07,0.57,0.99
0.1,0.62,0.91
0.12,0.55,0.84
0.13,0.5,0.77
0.13,0.45,0.72
0.13,0.36,0.73
0.13,0.29,0.74
0.13,0.29,0.79
0.13,0.3,0.85
0.14,0.3,0.91
0.14,0.24,0.89
0.15,0.19,0.89
0.15,0.1,0.87
0.15,0.03,0.84
0.16,-0.02,0.84
0.17,-0.05,0.9
0.17,-0.07,0.9
0.18,-0.08,0.92
0.18,-0.03,0.93
0.19,0.04,0.96
0.21,0.04,0.95
0.21,-0.03,0.93
0.21,-0.05,0.95
0.2,-0.08,0.96
0.19,-0.12,0.97
0.17,-0.17,1
0.15,-0.14,1.03
0.12,-0.07,1.09
0.11,0.04,1.16
0.11,0.1,1.16
0.12,0.13,1.12
0.14,0.16,1.06
0.15,0.14,1
0.15,0.1,0.96
0.15,0.07,0.96
0.15,0.08,0.93
0.13,0.08,0.96
0.13,0.1,1.01
0.13,0.12,1.06
0.15,0.12,1.11
0.16,0.11,1.05
0.2,0.07,1
0.19,0.06,0.97
0.2,0.08,0.94
0.19,0.11,0.93
0.18,0.1,0.93
0.18,0.09,0.94
0.19,0.09,0.9
0.2,0.07,0.88
0.22,0.09,0.92
0.24,0.11,0.9
0.23,0.07,0.88
0.23,0.04,0.92
0.21,0.05,0.94
0.18,0.07,0.96
0.14,0.08,0.97
0.12,0.08,1.04
0.14,0.15,1.08
0.18,0.16,1.03
0.19,0.03,0.92
0.21,0,0.86
0.21,0,0.82
0.21,-0.01,0.82
0.2,-0.02,0.82
0.13,-0.02,0.83
0.15,-0.04,0.87
0.12,0.03,0.93
0.13,0.07,0.98
0.15,0.06,1.02
0.18,0.04,0.99
0.21,0,0.94
0.22,-0.04,0.91
0.22,-0.01,0.92
0.21,0.02,0.9
0.2,0.01,0.9
0.19,-0.06,0.92
0.16,-0.14,0.95
0.16,-0.14,1.02
0.16,-0.19,1.07
0.16,-0.19,1.11
0.15,-0.21,1.08
0.19,-0.26,1.06
0.2,-0.29,1.06
0.21,-0.25,1.03
0.21,-0.22,1.01
0.21,-0.2,1.01
0.2,-0.23,1.01
0.21,-0.24,0.98
0.19,-0.27,0.96
0.19,-0.28,0.97
0.19,-0.31,1.01
0.19,-0.28,1.03
0.2,-0.29,1.1
0.17,-0.33,1.07
0.18,-0.28,1.04
0.17,-0.24,0.98
0.18,-0.25,1.03
0.19,-0.23,1.01
-0.22,-2.66,0.9
-0.46,-3.49,0.82
-0.52,-3.72,0.69
-0.74,-4,0.49
-0.94,-3.63,0.46
-1.18,-3.27,0.16
-1.56,-1.73,0.39
-1.87,-0.56,0.99
-2.01,0.28,1.9
-2.11,0.86,2.11
-2.21,1.28,2.08
-2.1,1.53,1.89
-1.94,1.78,1.41
-1.66,2.21,0.62
-1.3,2.68,-0.31
-1,2.68,-0.41
-0.66,2.4,0.27
-0.52,1.72,0.74
-0.48,1.42,0.67
-0.41,1.6,0.65
-0.39,1.51,0.68
-0.33,1.11,0.81
-0.31,0.38,0.99
-0.25,0.07,1.07
-0.22,0.25,0.96
-0.19,0.38,0.94
-0.15,0.65,1.01
-0.13,0.85,0.98
-0.15,0.91,0.76
-0.18,0.88,0.61
-0.18,0.9,0.64
-0.17,0.91,0.82
-0.15,0.89,1.04
-0.13,0.84,1.17
-0.13,0.66,1.15
-0.12,0.44,1.02
-0.11,0.23,0.92
-0.09,0.05,0.8
-0.07,0.04,0.72
-0.04,0.16,0.77
-0.01,0.3,0.87
0,0.32,0.96
0.02,0.31,1.12
0.02,0.27,1.27
0.02,0.19,1.3
0.02,0.12,1.2
0.01,0.08,1.03
-0.01,0.02,0.9
0,0.06,0.87
0.01,0.24,0.87
0.01,0.35,0.91
0.01,0.37,0.99
0,0.39,0.97
-0.01,0.39,0.94
-0.02,0.35,0.96
-0.06,0.38,0.92
-0.09,0.45,0.89
-0.1,0.48,0.97
-0.09,0.49,1.07
-0.07,0.5,1.11
-0.07,0.48,1.07
-0.05,0.42,1
-0.04,0.34,0.98
-0.02,0.3,1.01
-0.02,0.24,0.97
-0.02,0.25,0.89
-0.02,0.31,0.9
-0.01,0.44,0.93
-0.03,0.48,0.93
-0.04,0.47,1.03
-0.05,0.45,1.23
-0.07,0.46,1.31
-0.1,0.48,1.23
-0.11,0.42,1.15
-0.13,0.24,0.99
-0.15,0.14,0.86
-0.15,0.11,0.65
-0.13,-0.04,0.52
-0.08,-0.17,0.62
-0.04,-0.04,0.71
-0.06,0.08,0.72
-0.08,-0.04,0.81
-0.09,-0.14,0.91
-0.09,-0.25,0.94
-0.11,-0.33,1.02
-0.08,-0.44,0.92
0,-0.62,0.81
0.05,-0.63,0.84
0.07,-0.54,0.77
0.08,-0.44,0.72
0.09,-0.37,0.76
0.07,-0.39,0.88
0.07,-0.4,1.1
0.07,-0.43,1.23
0.07,-0.45,1.21
0.09,-0.41,1.03
0.08,-0.37,0.88
0.11,-0.33,0.88
0.12,-0.34,0.88
0.11,-0.23,0.84
0.11,-0.17,0.8
0.11,-0.2,0.85
0.11,-0.23,0.91
0.15,-0.23,0.93
0.11,-0.31,1.07
0.12,-0.32,1.2
0.11,-0.23,1.1
0.11,-0.26,1.05
0.12,-0.34,1.06
0.12,-0.35,1
0.11,-0.29,0.91
0.12,-0.31,0.91
0.12,-0.32,0.92
0.13,-0.33,0.93
0.13,-0.35,0.97
0.13,-0.28,1
0.11,-0.24,0.99
0.12,-0.23,1.01
0.12,-0.22,1.02
0.12,-0.28,0.99
0.12,-0.34,0.92
0.12,-0.34,0.86
0.12,-0.27,0.86
0.11,-0.17,0.85
0.11,-0.17,0.9
0.11,-0.15,0.99
0.1,-0.19,1.02
0.11,-0.16,1.04
-0.43,-2.62,0.06
-0.56,-2.82,-0.05
-0.84,-4,0.12
-0.79,-3.46,0.49
-0.95,-3.47,0.31
-1.07,-3.11,0.65
-1.13,-2.48,0.97
-1.16,-1.83,1.06
-1.12,-1.2,1.12
-1,-0.54,1.19
-0.85,0.28,1.31
-0.67,1.25,1.49
-0.48,2.08,1.66
-0.27,2.47,1.79
-0.08,2.55,1.65
0.07,2.44,1.34
0.18,2.04,1.1
0.22,1.53,0.95
0.25,1.26,0.87
0.22,0.95,0.87
0.21,0.76,0.95
0.18,0.71,1.1
0.15,0.68,1.16
0.13,0.62,1.2
0.11,0.55,1.12
0.11,0.51,1.05
0.11,0.45,1.01
0.1,0.4,0.96
0.11,0.38,0.91
0.13,0.41,0.99
0.14,0.49,1.04
0.17,0.57,1.07
0.18,0.48,1.05
0.19,0.35,1
0.18,0.23,0.92
0.18,0.11,0.87
0.18,0.01,0.85
0.17,-0.07,0.8
0.16,-0.15,0.8
0.16,-0.19,0.86
0.16,-0.17,0.9
0.15,-0.18,0.91
0.15,-0.16,0.93
0.15,-0.17,0.89
0.15,-0.14,0.84
0.15,-0.19,0.86
0.16,-0.22,0.88
0.13,-0.2,0.85
0.17,-0.17,0.92
0.17,-0.15,0.92
0.17,-0.1,0.92
0.17,-0.06,0.92
0.18,-0.06,0.91
0.17,-0.07,0.91
0.16,-0.04,0.91
0.16,0.02,0.91
0.15,0.02,0.97
0.15,0,1
0.15,0.01,0.98
0.14,0.05,0.96
0.18,0.01,1.02
0.18,0,0.99
0.18,0.03,0.92
0.18,0.02,0.94
0.17,0,0.95
0.17,0.02,0.95
0.16,0.06,0.98
0.19,0.11,0.99
0.23,0.09,0.98
0.23,0.04,0.96
0.23,0.03,0.92
0.22,0.02,0.93
0.21,-0.01,0.94
0.18,-0.03,0.94
0.13,-0.04,0.96
0.11,-0.08,1.01
0.09,-0.08,1.02
0.09,-0.02,1.07
0.09,0,1.1
0.11,0,1.08
0.13,-0.02,0.95
0.11,-0.05,0.87
0.1,-0.1,0.88
0.05,-0.14,0.84
0.01,-0.15,0.88
-0.03,-0.16,0.93
-0.06,-0.15,0.95
-0.05,-0.04,0.98
0.01,0.05,0.98
0.08,0.04,0.96
0.14,0.02,0.85
0.16,0.01,0.8
0.19,0.02,0.85
0.18,0.01,0.84
0.17,0.03,0.89
0.16,0.03,0.93
0.17,-0.07,0.98
0.2,-0.01,1.03
0.23,0.01,1.05
0.27,-0.07,1.08
0.28,-0.21,1.06
0.28,-0.23,1.06
0.28,-0.16,1.01
0.27,-0.13,1
0.26,-0.15,1.02
0.25,-0.15,1
0.23,-0.15,0.97
0.3,-0.2,1
0.29,-0.26,0.96
0.29,-0.24,0.95
0.28,-0.28,0.99
0.27,-0.32,1.06
0.25,-0.34,1.05
0.24,-0.31,1.05
0.21,-0.33,1.05
0.2,-0.36,1.04
0.18,-0.36,1.06
0.17,-0.38,1.09
0.16,-0.33,1.07
0.15,-0.29,1.04
0.15,-0.31,1.02
0.14,-0.31,0.94
0.14,-0.31,0.91
0.15,-0.28,0.94
0.14,-0.25,0.92
0.14,-0.23,0.96
0.14,-0.26,0.92
0.14,-0.27,0.88
-0.28,-2.83,0.32
-0.6,-4,0.28
-0.76,-4,0.37
-1.16,-4,-0.11
-1.51,-3.82,-0.38
-2.15,-2.93,-0.23
-2.69,-1.73,0.02
-3.34,-0.98,0.19
-3.47,0.54,1.58
-3.1,1.59,2.67
-2.7,2.31,2.6
-2.24,2.87,1.81
-1.58,4,0.74
-1.02,4,0.01
-0.76,3.99,-0.03
-0.62,2.4,0.73
-0.55,1.25,1.34
-0.51,0.89,1.51
-0.45,0.89,1.54
-0.37,0.95,1.57
-0.3,0.82,1.48
-0.25,0.69,1.29
-0.21,0.61,1.12
-0.15,0.52,1.07
-0.1,0.42,0.96
-0.08,0.3,0.8
-0.07,0.24,0.66
-0.07,0.19,0.5
-0.09,0.04,0.42
-0.08,-0.14,0.53
-0.07,-0.12,0.79
-0.07,0.02,0.99
-0.06,0.1,1.2
-0.06,0.19,1.34
-0.04,0.26,1.38
-0.04,0.2,1.24
-0.03,0.19,1.11
-0.02,0.14,1.02
-0.02,0.09,0.94
-0.02,0.08,0.88
-0.02,0.05,0.84
0,0.05,0.87
0.02,0.11,0.99
0.03,0.13,1.08
0.03,0.08,1.08
0.02,0.06,1.04
0,0.05,0.99
0,0.12,0.97
-0.02,0.2,0.9
-0.04,0.36,0.82
-0.07,0.38,0.89
-0.08,0.35,1.04
-0.1,0.35,1.07
-0.12,0.38,1.11
-0.11,0.39,1.22
-0.11,0.38,1.24
-0.11,0.35,1.14
-0.1,0.31,1.1
-0.09,0.36,0.99
-0.09,0.42,0.9
-0.09,0.48,0.88
-0.11,0.51,0.88
-0.13,0.55,0.85
-0.14,0.63,0.82
-0.16,0.56,0.92
-0.14,0.41,1.02
-0.13,0.26,1.14
-0.11,0.18,1.18
-0.11,0.09,1.14
-0.1,-0.02,1.09
-0.08,0.06,1.04
-0.06,0.18,0.98
-0.05,0.23,0.89
-0.06,0.19,0.77
-0.07,0.08,0.67
-0.09,-0.18,0.62
-0.07,-0.39,0.63
-0.04,-0.45,0.76
-0.02,-0.47,0.86
0,-0.48,0.93
0.02,-0.43,0.91
0.02,-0.32,0.87
0.03,-0.3,0.86
0.05,-0.43,0.95
0.07,-0.51,0.96
0.08,-0.46,0.99
0.08,-0.42,1.04
0.08,-0.48,1
0.07,-0.51,0.96
0.08,-0.49,0.92
0.08,-0.43,0.91
0.08,-0.33,0.93
0.08,-0.19,0.98
0.09,-0.17,1.06
0.09,-0.15,1.11
0.08,-0.12,0.96
0.06,-0.22,0.86
0.03,-0.37,0.96
0.12,-0.51,1.01
0.1,-0.53,0.87
0.1,-0.44,0.84
0.09,-0.38,0.9
0.1,-0.24,1.02
0.09,-0.1,1.01
0.09,-0.05,0.96
0.09,-0.05,0.96
0.09,-0.09,0.91
0.09,-0.23,0.9
0.09,-0.31,0.92
0.1,-0.38,0.89
0.11,-0.44,0.9
0.11,-0.39,0.93
0.11,-0.27,0.91
0.1,-0.26,0.96
0.11,-0.27,1.01
0.12,-0.31,0.97
0.11,-0.36,0.97
0.11,-0.29,0.94
0.11,-0.23,0.82
0.1,-0.21,0.91
0.11,-0.18,1.03
0.12,-0.17,0.99
0.12,-0.19,0.94
0.12,-0.21,0.9
0.13,-0.25,0.92
0.13,-0.27,0.88
0.13,-0.24,0.84
0.12,-0.18,0.92
-0.18,-2.28,0.54
-0.27,-2.47,0.56
-0.38,-2.5,0.7
-0.5,-2.49,0.9
-0.59,-2.41,1.03
-0.65,-2.17,1.04
-0.68,-1.9,1.04
-0.71,-1.59,1.08
-0.73,-1.2,1.07
-0.72,-0.96,1.01
-0.7,-0.6,1.11
-0.67,-0.02,1.1
-0.61,0.6,1.05
-0.5,1.06,1.23
-0.39,1.37,1.37
-0.31,1.42,1.24
-0.27,1.26,1.08
-0.24,0.98,1
-0.25,0.65,0.92
-0.24,0.77,0.81
-0.22,1.36,0.81
-0.14,1.62,1.09
-0.08,1.88,1.21
-0.05,1.87,1.14
0,1.75,1.11
-0.03,1.11,0.76
-0.02,1.01,0.78
-0.05,0.74,0.85
-0.05,0.56,0.91
-0.05,0.53,0.99
-0.04,0.67,1.07
-0.01,0.85,1.16
0.01,0.85,1.13
0.05,0.79,1.04
0.09,0.7,0.97
0.11,0.62,0.9
0.12,0.54,0.83
0.12,0.45,0.77
0.11,0.35,0.8
0.13,0.36,0.91
0.14,0.4,0.93
0.15,0.33,0.93
0.16,0.23,0.92
0.17,0.16,0.92
0.17,0.15,0.93
0.16,0.1,0.93
0.16,0.04,0.93
0.14,0,0.95
0.14,0.02,0.99
0.14,-0.02,1.03
0.14,-0.09,1.04
0.15,-0.07,1.04
0.14,-0.11,1.03
0.13,-0.11,0.99
0.12,-0.13,1
0.13,-0.13,1
0.13,-0.12,0.99
0.14,-0.1,1.01
0.15,-0.11,1
0.15,-0.09,0.95
0.15,-0.06,1.01
0.15,-0.05,1.08
0.14,-0.04,1.09
0.11,-0.01,1.04
0.13,-0.02,1.07
0.13,-0.01,1.04
0.13,0.05,1.04
0.13,0.13,1.07
0.13,0.17,1.04
0.12,0.15,1.01
0.12,0.12,1.02
0.11,0.13,0.99
0.1,0.12,0.99
0.09,0.11,0.98
0.1,0.13,0.98
0.08,0.14,1
0.07,0.21,0.98
0.1,0.22,0.95
0.11,0.22,0.9
0.11,0.23,0.87
0.13,0.28,0.89
0.12,0.26,0.89
0.12,0.26,0.91
0.07,0.23,0.88
0.07,0.24,0.91
0.02,0.23,0.94
0.02,0.25,0.93
0.08,0.34,0.95
0.11,0.3,0.98
0.14,0.25,0.97
0.13,0.28,0.95
0.13,0.25,0.99
0.09,0.22,0.98
0.07,0.27,1
0.07,0.31,1.06
0.08,0.41,1.04
0.11,0.5,1.02
0.16,0.48,1.02
0.17,0.43,0.93
0.2,0.29,0.83
0.19,0.09,0.8
0.14,0.01,0.74
0.12,-0.04,0.74
0.1,-0.09,0.87
0.06,-0.14,0.93
0.05,-0.12,0.99
0.05,-0.19,1.02
0.06,-0.2,1.04
0.08,-0.24,0.98
0.06,-0.33,0.87
0.1,-0.41,0.83
0.09,-0.5,0.77
0.09,-0.55,0.75
0.08,-0.57,0.74
0.06,-0.57,0.76
0.05,-0.56,0.82
0.06,-0.49,0.92
0.07,-0.44,0.97
0.07,-0.45,1.02
0.07,-0.51,1.03
0.06,-0.57,0.99
0.06,-0.58,0.99
0.06,-0.56,1
0.06,-0.49,1
0.07,-0.42,1
0.09,-0.38,1.07
0.1,-0.3,1.1
0.11,-0.24,1.11
-0.21,-2.61,0.49
-0.39,-3.8,0.41
-0.56,-4,0.52
-0.84,-4,0.46
-1.23,-4,0.11
-1.76,-3.58,-0.21
-2.59,-2.86,-0.54
-3.27,-1.38,-0.27
-3.91,0.17,0.87
-3.63,2.2,2.48
-2.99,2.85,3.35
-2.18,4,2.25
-1.59,4,-0.2
-1.05,4,-1.2
-0.71,4,0.1
-0.49,1.83,1.37
-0.42,0.7,1.76
-0.38,0.68,1.47
-0.34,0.64,1.44
-0.23,0.41,1.47
-0.16,0.19,1.4
-0.11,0.16,1.1
-0.04,0.28,0.86
0.03,0.4,0.8
0.07,0.4,0.72
0.08,0.28,0.59
0.07,0.21,0.47
0.06,0.11,0.44
0.02,-0.05,0.46
0,-0.13,0.64
0.01,0.07,0.81
-0.01,0.13,0.9
-0.01,0.23,1.19
0,0.26,1.42
0,0.27,1.41
-0.01,0.25,1.2
-0.02,0.22,1.04
-0.02,0.23,0.94
-0.02,0.2,0.79
-0.02,0.1,0.7
-0.01,0.1,0.76
0.01,0.17,0.89
0.02,0.22,1.01
0.02,0.17,1.1
0.02,0.14,1.21
0.02,0.14,1.19
-0.01,0.12,1.06
-0.03,0.17,0.95
-0.03,0.28,0.89
-0.04,0.35,0.88
-0.03,0.39,0.94
-0.02,0.44,0.97
-0.01,0.52,0.93
-0.03,0.53,0.95
-0.04,0.45,1.01
-0.06,0.39,1.04
-0.07,0.34,1.03
-0.08,0.33,1.07
-0.09,0.3,1.09
-0.09,0.34,1.06
-0.09,0.45,1.01
-0.1,0.56,0.96
-0.11,0.62,0.99
-0.13,0.61,1.05
-0.17,0.54,1.08
-0.19,0.42,1.09
-0.19,0.23,1.09
-0.2,0.04,1.05
-0.17,-0.07,0.97
-0.16,-0.18,0.89
-0.12,-0.27,0.91
-0.08,-0.27,0.94
-0.07,-0.25,0.98
-0.05,-0.28,1.04
-0.04,-0.25,0.98
-0.04,-0.24,0.9
-0.04,-0.26,0.89
-0.04,-0.27,0.82
-0.03,-0.1,0.72
-0.03,-0.01,0.68
-0.07,0,0.67
-0.09,-0.12,0.76
-0.09,-0.35,0.85
-0.06,-0.43,0.84
-0.07,-0.49,0.75
-0.04,-0.54,0.79
-0.04,-0.54,0.93
0.01,-0.57,0.96
0.01,-0.62,0.91
0.02,-0.61,0.98
0.02,-0.56,1
0.02,-0.49,1
0.03,-0.45,0.96
0.04,-0.46,0.96
0.05,-0.5,0.99
0.06,-0.52,0.97
0.06,-0.51,0.97
0.06,-0.51,0.96
0.06,-0.53,0.97
0.09,-0.56,0.93
0.07,-0.57,0.89
0.08,-0.51,0.94
0.08,-0.46,0.97
0.09,-0.41,1
0.08,-0.39,1.01
0.08,-0.37,0.98
0.07,-0.33,0.92
0.09,-0.22,1.02
0.08,-0.19,1.04
0.09,-0.12,1.05
0.09,-0.1,1.04
0.1,-0.12,1.01
0.1,-0.15,1.02
0.1,-0.16,0.97
0.1,-0.17,0.91
0.11,-0.15,0.97
0.11,-0.12,1.03
0.11,-0.11,0.97
0.1,-0.09,0.91
0.12,-0.1,0.93
0.12,-0.04,0.91
0.12,0,0.94
0.12,-0.04,0.98
0.12,-0.13,0.93
0.12,-0.21,0.88
0.11,-0.25,0.89
0.11,-0.21,0.93
0.11,-0.16,0.95
-0.4,-2.67,0.49
-0.65,-3.16,0.37
-0.97,-4,0.44
-0.97,-3.24,0.76
-1.11,-2.94,0.8
-1.14,-2.29,0.95
-1.17,-1.89,1.07
-1.14,-1.34,1.34
-1.03,-0.47,1.31
-0.9,0.39,1.33
-0.69,1.2,1.59
-0.49,2.03,1.84
-0.33,2.61,1.94
-0.19,2.89,1.87
0.12,3.99,1.5
0.08,1.98,0.95
0.19,1.47,1.02
0.15,0.88,0.63
0.17,0.42,0.42
0.18,0.24,0.55
0.14,0.36,0.68
0.13,0.59,0.87
0.12,0.79,0.98
0.1,0.85,0.94
0.07,0.8,0.9
0.08,0.76,0.89
0.07,0.69,0.86
0.1,0.63,0.87
0.1,0.53,0.8
0.12,0.49,0.83
0.13,0.51,0.83
0.1,0.47,0.77
0.13,0.37,0.83
0.14,0.27,0.82
0.12,0.17,0.84
0.11,0.12,1.01
0.09,0.07,1.1
0.09,-0.01,1.2
0.09,-0.05,1.25
0.09,-0.02,1.15
0.09,-0.01,1.07
0.09,-0.04,1.03
0.11,-0.04,1
0.12,-0.03,0.92
0.14,-0.01,0.93
0.16,-0.04,0.92
0.17,-0.08,0.9
0.18,-0.03,0.94
0.17,0.08,0.96
0.17,0.15,1.01
0.17,0.17,1.04
0.14,0.21,1.03
0.18,0.22,1.03
0.17,0.15,0.97
0.17,0.11,0.98
0.16,0.08,0.96
0.14,0.09,0.98
0.12,0.1,1.03
0.1,0.09,1.05
0.09,0.09,1.1
0.11,0.13,1.11
0.14,0.15,1.07
0.13,0.12,0.98
0.14,0.09,0.93
0.16,0.05,0.93
0.15,-0.01,0.93
0.14,0,0.93
0.12,0,0.91
0.07,-0.02,0.99
0.08,-0.03,1.03
0.07,0.01,1.05
0.11,0.1,1.09
0.14,0.11,1.03
0.18,0.14,0.95
0.19,0.07,0.83
0.18,0,0.8
0.16,-0.03,0.82
0.13,-0.04,0.83
0.11,-0.09,0.84
0.08,-0.09,0.92
0.07,-0.06,0.92
0.09,-0.01,0.96
0.13,-0.02,0.97
0.15,-0.13,0.9
0.16,-0.21,0.85
0.17,-0.21,0.85
0.18,-0.19,0.89
0.15,-0.15,0.93
0.13,-0.15,0.94
0.12,-0.16,0.98
0.12,-0.14,0.96
0.16,-0.06,0.99
0.22,-0.03,1
0.24,-0.1,0.97
0.25,-0.11,0.93
0.25,-0.05,0.93
0.25,-0.03,0.96
0.22,-0.05,0.98
0.21,-0.12,0.96
0.19,-0.18,0.98
0.16,-0.24,1
0.16,-0.15,1.09
0.17,0,1.16
0.19,-0.03,1.17
0.19,-0.09,1.09
0.19,-0.16,0.97
0.18,-0.22,0.95
0.18,-0.26,0.93
0.17,-0.33,0.85
0.16,-0.4,0.89
0.14,-0.37,0.94
0.13,-0.4,0.97
0.12,-0.35,1.01
0.15,-0.26,1.07
0.16,-0.26,0.98
0.16,-0.35,0.9
0.16,-0.45,0.83
0.15,-0.51,0.78
0.15,-0.53,0.79
0.12,-0.54,0.82
0.13,-0.56,0.8
0.1,-0.54,0.86
0.09,-0.49,0.91
0.09,-0.46,1.02
0.09,-0.37,1.03
0.09,-0.31,1
0.11,-0.34,1
0.12,-0.3,0.94
0.06,-2.11,0.76
0,-2.43,0.44
-0.09,-2.58,0.06
-0.6,-3.44,-0.5
-1.07,-3.23,-0.9
-1.47,-2.02,-0.8
-2.06,-1.59,-0.87
-2.59,-1.33,0.08
-2.66,0.09,2.12
-1.96,1.82,3.94
-1.37,2.02,3.91
-1.03,1.9,2.58
-0.82,2.3,1.34
-0.67,2.64,0.46
-0.37,3.27,-0.04
-0.42,2.58,0.15
-0.38,1.23,0.79
-0.28,0.76,1.55
-0.23,0.45,1.93
-0.2,0.17,1.92
-0.15,-0.06,1.78
-0.11,-0.28,1.62
-0.06,-0.32,1.35
-0.03,-0.17,1.08
0,-0.04,1
0.05,0.04,0.97
0.06,0.18,0.83
0.04,0.23,0.61
0.02,0.25,0.49
-0.01,0.15,0.59
-0.03,-0.18,0.76
-0.02,-0.19,0.89
-0.03,-0.17,1
-0.02,-0.06,1.19
0,0.03,1.34
0.01,0.07,1.33
0.01,0.1,1.18
0.01,0.16,1.06
0.01,0.22,0.96
-0.01,0.25,0.86
0.02,0.3,0.8
0.04,-0.01,0.72
0.04,-0.06,0.79
0.04,-0.01,0.9
0.06,-0.01,1.04
0.06,0.01,1.11
0.05,0.08,1.15
0.03,0.17,1.08
0.01,0.25,0.99
0,0.32,0.94
-0.02,0.37,0.93
-0.02,0.37,0.97
-0.02,0.42,1.01
-0.01,0.39,1.03
-0.01,0.3,1.04
0,0.24,1.06
-0.01,0.16,1.04
0.01,0.19,1.07
0.02,0.26,1.08
0.03,0.39,1.06
0.01,0.45,1.07
-0.03,0.35,1.06
-0.04,0.22,1.02
-0.03,0.18,0.99
-0.03,0.18,0.89
-0.05,0.14,0.75
-0.05,0.05,0.75
-0.04,-0.07,0.84
-0.02,-0.12,0.95
-0.03,-0.1,1
0.02,-0.18,0.97
0.04,-0.12,0.87
0.05,-0.01,0.82
0.04,-0.1,0.91
0.06,-0.21,1.01
0.04,-0.22,0.97
0.04,-0.17,0.98
0.03,-0.17,0.96
0.03,-0.2,0.87
0.06,-0.18,0.88
0.07,-0.18,0.93
0.07,-0.22,0.92
0.07,-0.24,0.92
0.07,-0.08,0.86
0.04,0.04,0.83
0.04,-0.05,0.99
0.05,-0.14,1.15
0.05,-0.26,1.17
0.06,-0.35,1.1
0.07,-0.32,0.95
0.07,-0.2,0.78
0.07,-0.14,0.78
0.07,-0.12,0.78
0.06,-0.11,0.83
0.06,-0.19,0.98
0.06,-0.33,1.13
0.08,-0.37,1.11
0.06,-0.24,0.92
0.05,-0.14,0.86
0.06,-0.17,1.01
0.08,-0.24,1.11
0.09,-0.28,1.07
0.1,-0.22,0.92
0.09,-0.2,0.9
0.09,-0.25,1
0.09,-0.29,1.08
0.1,-0.27,1.05
0.09,-0.18,0.93
0.09,-0.12,0.86
0.1,-0.21,0.98
0.12,-0.27,1.06
0.12,-0.22,0.96
0.11,-0.19,0.89
0.11,-0.24,0.97
0.11,-0.25,0.99
0.11,-0.23,0.94
0.1,-0.25,0.97
0.1,-0.25,1
0.1,-0.21,1
0.1,-0.15,0.98
0.1,-0.11,0.92
0.09,-0.09,0.95
0.1,-0.1,1.01
0.1,-0.1,0.98
0.09,-0.11,0.93
0.1,-0.15,0.95
0.1,-0.18,0.95
0.1,-0.15,0.93
-0.28,-2.79,0.35
-0.61,-4,0.38
-0.79,-3.92,0.55
-0.96,-3.54,0.45
-1.33,-3.48,0.11
-1.73,-2.98,-0.18
-2.18,-2.29,0
-2.65,-1.79,0.1
-3.31,-1.39,-0.14
-3.89,-0.79,0.19
-4,0.05,0.75
-4,1.91,1.71
-3.53,3.45,1.98
-2.23,4,0.97
-1.28,4,0.48
-0.9,4,1.1
-0.71,2.18,1.8
-0.59,0.19,1.73
-0.56,0.04,1.34
-0.5,0.46,1.13
-0.41,0.64,1.18
-0.34,0.62,1.14
-0.29,0.6,0.94
-0.24,0.56,0.74
-0.2,0.48,0.67
-0.18,0.38,0.67
-0.18,0.26,0.69
-0.19,0.2,0.82
-0.21,0.26,0.92
-0.21,0.35,0.97
-0.22,0.41,0.98
-0.22,0.37,0.99
-0.21,0.25,1.04
-0.19,0.17,1.08
-0.16,0.17,1.11
-0.13,0.22,1.15
-0.11,0.25,1.16
-0.1,0.28,1.15
-0.1,0.26,1.12
-0.1,0.23,1.08
-0.12,0.24,1.05
-0.13,0.29,1.02
-0.13,0.38,0.99
-0.11,0.45,1.02
-0.1,0.45,1.08
-0.09,0.42,1.14
-0.1,0.36,1.16
-0.1,0.32,1.15
-0.1,0.27,1.11
-0.1,0.24,1.09
-0.1,0.26,1.07
-0.1,0.28,1.03
-0.08,0.28,0.95
-0.07,0.24,0.91
-0.05,0.21,0.9
-0.04,0.22,0.92
-0.04,0.21,0.96
-0.05,0.16,0.93
-0.04,0.11,0.97
-0.03,0.13,1.04
-0.04,0.19,1.07
-0.04,0.24,1.03
-0.04,0.33,1
-0.05,0.4,0.93
-0.07,0.45,0.89
-0.11,0.35,0.88
-0.14,0.15,0.89
-0.15,-0.06,0.8
-0.14,-0.17,0.69
-0.15,-0.29,0.55
-0.15,-0.32,0.48
-0.11,-0.45,0.67
-0.07,-0.68,0.92
-0.02,-0.74,1.08
0.02,-0.72,1.1
0.03,-0.74,1.04
0.06,-0.65,0.92
0.07,-0.49,0.81
0.06,-0.4,0.82
0.07,-0.4,0.97
0.08,-0.4,0.99
0.08,-0.43,0.92
0.1,-0.48,0.87
0.1,-0.58,0.82
0.11,-0.63,0.88
0.12,-0.6,0.95
0.12,-0.51,0.94
0.12,-0.42,0.9
0.12,-0.33,0.87
0.11,-0.35,0.86
0.12,-0.39,0.91
0.13,-0.4,0.91
0.12,-0.38,0.88
0.12,-0.31,0.89
0.12,-0.25,0.89
0.12,-0.27,0.99
0.13,-0.29,1.05
0.15,-0.32,1
0.15,-0.3,0.92
0.14,-0.29,0.86
0.16,-0.28,0.93
0.16,-0.25,1
0.15,-0.18,0.94
0.15,-0.1,0.95
0.16,-0.07,1.03
0.16,-0.03,0.99
0.15,-0.06,0.99
0.17,-0.12,1.03
0.17,-0.19,1.01
0.17,-0.27,0.99
0.17,-0.3,0.98
0.17,-0.28,0.98
0.16,-0.22,1
0.16,-0.19,1.01
0.16,-0.15,1.11
0.16,-0.14,1.14
0.15,-0.11,1.05
0.15,-0.16,1.03
0.15,-0.23,1.04
0.15,-0.24,0.96
0.13,-0.24,0.91
0.14,-0.24,0.92
0.13,-0.22,0.93
0.12,-0.17,1.01
0.12,-0.13,1.03
0.12,-0.13,0.96
0.13,-0.15,0.94
0.13,-0.18,0.96
-0.15,-2.51,-0.16
-0.32,-2.66,-0.84
-0.65,-3.75,-0.73
-1.13,-3.75,-0.42
-1.75,-3.13,-1.04
-2.66,-2.66,-1.68
-3.74,-2.25,-1.63
-4,-1.68,-0.57
-4,-0.34,0.64
-4,1.06,1.19
-4,2.53,1.91
-3.27,3.81,2.82
-2.15,4,3.04
-1.45,4,2.51
-1.3,4,2.18
-1.26,1.82,1.89
-1.21,-0.33,1.31
-1.08,-0.25,1.21
-0.9,0.27,1.74
-0.74,0.4,2.08
-0.65,0.33,1.9
-0.62,0.31,1.4
-0.56,0.27,1.12
-0.47,0.34,1.05
-0.43,0.44,0.86
-0.45,0.39,0.58
-0.45,0.19,0.33
-0.43,0.17,0.29
-0.43,0.28,0.37
-0.45,0.2,0.58
-0.49,-0.08,0.82
-0.47,-0.1,1.02
-0.44,0.05,1.16
-0.41,0.12,1.31
-0.39,0.14,1.38
-0.39,0.07,1.28
-0.39,0.04,1.08
-0.39,0.11,0.99
-0.37,0.18,0.97
-0.37,0.12,0.85
-0.35,0.04,0.8
-0.32,0.08,0.81
-0.3,0.1,0.84
-0.3,0.09,0.86
-0.29,0.1,0.9
-0.29,0.15,0.95
-0.29,0.2,1
-0.3,0.26,1.02
-0.32,0.29,1.07
-0.36,0.24,1.09
-0.36,0.1,1.04
-0.33,0.12,1.07
-0.29,0.19,1.1
-0.27,0.24,1.08
-0.25,0.31,1.1
-0.22,0.35,1.14
-0.19,0.44,1.15
-0.18,0.55,1.14
-0.21,0.56,1.12
-0.25,0.47,1.11
-0.29,0.33,1.04
-0.36,0.1,0.88
-0.34,-0.19,0.65
-0.27,-0.38,0.64
-0.2,-0.5,0.69
-0.14,-0.44,0.72
-0.08,-0.34,0.82
-0.04,-0.29,0.9
-0.03,-0.11,0.88
-0.04,0.01,0.94
-0.05,0.08,1.1
-0.06,0.07,1.02
-0.1,0.01,0.85
-0.11,-0.19,0.72
-0.08,-0.45,0.69
-0.04,-0.65,0.62
0.01,-0.73,0.54
0.06,-0.67,0.56
0.09,-0.55,0.63
0.11,-0.3,0.71
0.12,-0.16,0.91
0.12,-0.12,1.11
0.1,-0.07,1.07
0.08,0,0.9
0.07,-0.09,0.85
0.07,-0.31,0.84
0.09,-0.43,0.81
0.11,-0.42,0.8
0.12,-0.42,0.79
0.13,-0.38,0.82
0.13,-0.24,0.75
0.13,-0.16,0.8
0.13,-0.22,1.03
0.12,-0.31,1.15
0.12,-0.37,1.07
0.12,-0.32,0.95
0.12,-0.29,0.87
0.13,-0.31,0.84
0.13,-0.23,0.79
0.12,-0.21,0.81
0.11,-0.2,0.91
0.11,0.02,0.85
0.1,0.14,0.91
0.1,0.01,1.22
0.1,-0.13,1.4
0.09,-0.24,1.32
0.09,-0.3,1.08
0.09,-0.31,0.86
0.1,-0.29,0.76
0.11,-0.23,0.65
0.12,-0.3,0.74
0.12,-0.37,0.88
0.11,-0.34,0.95
0.1,-0.22,0.92
0.09,-0.08,0.86
0.08,-0.05,1.01
0.07,-0.14,1.13
0.06,-0.26,1.1
0.07,-0.38,1.01
0.08,-0.45,0.91
0.09,-0.41,0.84
0.09,-0.31,0.81
0.08,-0.19,0.73
0.07,-0.14,0.75
0.07,-0.22,0.93
0.07,-0.34,1.12
0.07,-0.42,1.1
0.05,-0.41,0.87
-0.52,-2.82,0.29
-0.92,-4,0.4
-1.09,-4,1.12
-1.43,-4,1.23
-2.01,-4,0.85
-2.62,-2.81,1.02
-2.82,-1.44,1.82
-2.98,-0.84,1.84
-3.05,0.73,2.07
-2.55,2.14,3.28
-2.02,2.42,3.36
-1.71,2.59,1.8
-1.44,3.17,0.1
-0.78,4,-0.35
-0.38,3.89,0.29
-0.13,2.04,0.93
-0.06,1.56,0.71
-0.03,1.43,0.35
0.02,0.79,0.41
0.01,0.15,0.36
0.01,-0.23,0.28
0.01,-0.44,0.38
0.04,-0.41,0.65
0.07,-0.19,0.95
0.08,-0.07,1.18
0.08,0.03,1.19
0.07,0.17,0.98
0.09,0.44,0.78
0.09,0.4,0.72
0.09,0.15,0.62
0.08,-0.19,0.54
0.12,-0.32,0.62
0.13,-0.28,0.63
0.14,-0.28,0.84
0.15,-0.35,1.13
0.14,-0.38,1.3
0.13,-0.41,1.38
0.14,-0.27,1.28
0.15,-0.03,0.99
0.15,0.04,0.84
0.15,-0.08,0.82
0.14,-0.29,0.68
0.16,-0.28,0.69
0.17,-0.23,0.77
0.17,-0.19,0.91
0.14,-0.26,1.11
0.12,-0.31,1.23
0.11,-0.27,1.21
0.1,-0.16,1.1
0.09,-0.11,1.03
0.07,-0.02,0.99
0.07,0.06,0.96
0.08,0.16,0.92
0.08,0.2,0.9
0.09,0.13,0.89
0.08,0,0.87
0.07,-0.05,0.96
0.07,0,1.01
0.05,0.03,1.03
0.04,-0.03,1.04
0.04,-0.11,1.05
0.06,-0.04,1.03
0.08,0.1,0.94
0.09,0.2,0.82
0.08,0.21,0.75
0.06,0.2,0.79
0.02,0.16,0.83
-0.01,-0.02,0.93
-0.04,-0.16,1.07
-0.06,-0.28,1.09
-0.07,-0.35,1.06
-0.05,-0.31,1.04
-0.03,-0.22,1.04
-0.01,-0.11,1.08
-0.01,0,1.1
0,0.12,1.11
0,0.15,1.1
-0.01,0.09,1.03
-0.01,0.02,1.02
-0.03,-0.03,1.01
-0.04,-0.21,1.03
-0.02,-0.34,1.09
0,-0.36,1.06
0.02,-0.35,1.03
0.05,-0.25,1.04
0.05,-0.12,0.99
0.05,-0.1,1.03
0.05,-0.12,1.1
0.04,-0.18,1.03
0.03,-0.25,0.94
0.03,-0.33,0.96
0.03,-0.4,1
0.05,-0.48,1.01
0.08,-0.53,1.03
0.1,-0.48,0.96
0.11,-0.41,0.87
0.12,-0.39,0.88
0.12,-0.4,0.9
0.12,-0.33,0.83
0.1,-0.18,0.77
0.09,-0.12,0.95
0.08,-0.16,1.14
0.08,-0.2,1.18
0.08,-0.25,1.12
0.08,-0.34,1.03
0.08,-0.39,0.95
0.09,-0.41,0.88
0.09,-0.4,0.84
0.09,-0.37,0.86
0.08,-0.29,0.95
0.08,-0.2,1.01
0.07,-0.11,0.98
0.06,-0.09,0.99
0.06,-0.08,1.02
0.06,-0.11,1.03
0.06,-0.18,1.01
0.06,-0.22,0.96
0.07,-0.24,0.93
0.08,-0.23,0.9
0.08,-0.27,0.87
0.08,-0.25,0.89
0.09,-0.19,0.93
0.07,-0.18,0.97
0.07,-0.1,1.02
0.06,-0.08,1.03
0.07,-0.09,1.01
0.06,-0.1,0.95
0.06,-0.12,0.92
-0.07,-2.92,0.03
-0.48,-4,-0.23
-0.78,-4,0.08
-1.13,-4,-0.38
-1.87,-3.96,-1.07
-2.55,-2.98,-1.51
-3.54,-3.06,-0.96
-4,-1.79,0.17
-4,0.08,1.06
-4,1.54,1.87
-3.38,2.29,3.13
-2.9,2.81,3.3
-2.38,3.92,2
-1.61,4,0.9
-1.07,4,0.67
-0.86,2.99,0.9
-0.71,1.15,1.18
-0.64,0.33,1.11
-0.58,0.4,0.97
-0.51,0.49,0.95
-0.38,0.37,1.17
-0.28,0.18,1.29
-0.21,0.22,1.27
-0.13,0.43,1.26
-0.1,0.4,1.21
-0.09,0.23,1.03
-0.1,0.11,0.79
-0.13,0.07,0.54
-0.12,0.09,0.44
-0.13,0.07,0.42
-0.14,0.07,0.61
-0.11,0.1,0.94
-0.1,0.11,1.14
-0.09,0.04,1.29
-0.07,-0.01,1.43
-0.06,-0.08,1.46
-0.04,-0.09,1.36
-0.04,-0.1,1.15
-0.05,-0.26,0.97
-0.03,-0.2,0.82
-0.01,-0.02,0.75
0,0.06,0.75
0,0.1,0.81
-0.01,0.1,0.95
-0.01,0.11,1.05
-0.02,0.06,1.12
-0.03,0.02,1.13
-0.03,0.05,1.12
-0.04,0.1,1.04
-0.06,-0.01,0.94
-0.07,-0.15,0.84
-0.07,-0.08,0.81
-0.07,-0.01,0.83
-0.06,0.11,0.91
-0.04,0.17,0.97
-0.04,0.22,0.99
-0.03,0.28,1.04
-0.02,0.37,1.05
-0.02,0.4,1.08
-0.05,0.42,1.09
-0.09,0.36,1.06
-0.1,0.27,1.09
-0.12,0.22,1.1
-0.13,0.19,1.08
-0.12,0.21,1.13
-0.1,0.26,1.16
-0.11,0.3,1.1
-0.1,0.33,1.09
-0.1,0.29,1.07
-0.12,0.24,0.97
-0.13,0.26,0.83
-0.14,0.33,0.66
-0.17,0.25,0.55
-0.17,0.14,0.65
-0.17,0.04,0.84
-0.16,-0.04,1.02
-0.17,-0.1,1.14
-0.17,-0.16,1.26
-0.17,-0.28,1.33
-0.16,-0.37,1.29
-0.14,-0.23,1.1
-0.11,-0.02,0.85
-0.11,0.04,0.59
-0.11,0.04,0.49
-0.08,-0.02,0.55
-0.08,-0.19,0.72
-0.07,-0.4,0.98
-0.03,-0.61,1.26
0.03,-0.72,1.39
0.06,-0.65,1.28
0.07,-0.46,0.91
0.08,-0.16,0.59
0.07,-0.02,0.58
0.06,-0.11,0.87
0.05,-0.22,1.13
0.02,-0.25,1.09
0.01,-0.28,0.9
0,-0.35,0.91
0,-0.42,0.98
0.01,-0.48,1.08
0.01,-0.45,1.06
0.03,-0.31,0.92
0.03,-0.25,0.93
0.05,-0.31,0.99
0.06,-0.37,1
0.06,-0.38,0.96
0.06,-0.32,0.95
0.04,-0.28,0.96
0.03,-0.36,0.99
0.04,-0.39,1.01
0.04,-0.37,0.94
0.04,-0.36,0.84
0.04,-0.34,0.8
0.02,-0.34,0.83
0.05,-0.39,0.91
0.07,-0.35,0.93
0.06,-0.34,0.86
0.06,-0.31,0.86
0.06,-0.25,0.92
0.05,-0.25,0.96
0.04,-0.28,1.04
0.04,-0.28,1.1
0.05,-0.29,1.06
0.06,-0.35,1.04
0.07,-0.35,0.94
0.06,-0.22,0.73
0.07,-0.22,0.82
0.08,-0.29,1
-0.18,-2.88,0.1
-0.7,-4,0.19
-1.05,-4,1.63
-1.3,-3.88,1.76
-1.88,-3.52,0.3
-2.42,-2.9,-0.77
-3.32,-3.13,-1.17
-4,-2.98,-0.15
-4,-1.12,0.55
-4,0.76,1.06
-4,2.7,2.14
-3.94,3.92,3.04
-2.74,4,2.43
-1.82,4,0.94
-1.35,4,0.23
-1.1,3.82,0.55
-0.99,1.03,0.74
-0.85,0,0.51
-0.65,0.49,0.65
-0.51,0.84,0.94
-0.38,0.71,1.22
-0.3,0.46,1.23
-0.22,0.23,1.12
-0.15,0.11,1.02
-0.12,0.09,0.91
-0.11,0.01,0.72
-0.1,-0.1,0.57
-0.08,-0.11,0.49
-0.09,-0.05,0.48
-0.11,-0.09,0.58
-0.13,-0.17,0.78
-0.14,-0.07,1
-0.13,0.02,1.25
-0.12,0.12,1.49
-0.11,0.12,1.62
-0.12,0.06,1.55
-0.12,0.05,1.42
-0.13,-0.01,1.18
-0.13,-0.04,0.97
-0.1,0.1,0.89
-0.09,0.22,0.82
-0.08,0.28,0.82
-0.06,0.25,0.91
-0.05,0.26,0.97
-0.05,0.22,1
-0.05,0.27,1.04
-0.09,0.25,1.01
-0.11,0.25,1
-0.12,0.31,1.01
-0.14,0.29,0.99
-0.18,0.02,0.95
-0.17,-0.13,1
-0.15,-0.06,0.97
-0.14,0.07,1.01
-0.06,0.14,1.09
-0.04,0.22,1.09
-0.03,0.38,0.96
-0.02,0.51,0.86
-0.03,0.55,0.87
-0.05,0.63,0.91
-0.12,0.56,0.84
-0.2,0.27,0.87
-0.18,-0.13,1.04
-0.16,-0.29,1.13
-0.1,-0.29,1.13
-0.04,-0.24,1.16
0.01,-0.03,1.15
0.03,0.23,1.04
0.05,0.39,0.77
0.05,0.45,0.57
0.02,0.48,0.55
-0.04,0.43,0.59
-0.13,0.13,0.64
-0.15,-0.25,0.9
-0.12,-0.54,1.24
-0.07,-0.77,1.49
-0.02,-0.88,1.52
0.06,-0.63,1.27
0.09,-0.27,0.89
0.1,-0.05,0.64
0.11,0.07,0.54
0.12,0.1,0.59
0.1,0.11,0.69
0.06,0.12,0.76
0.03,0.02,0.91
0,-0.23,1.2
0,-0.5,1.4
0.02,-0.46,1.19
0.02,-0.2,0.83
0.05,0.09,0.67
0.05,0.16,0.72
0.04,0.1,0.89
0.01,0.03,1.08
0.01,-0.04,1.14
0,-0.26,1.08
0,-0.39,1.02
0.02,-0.41,0.96
0.05,-0.46,0.92
0.11,-0.33,0.89
0.07,-0.19,0.87
0.07,-0.21,0.92
0.07,-0.25,0.9
0.07,-0.26,0.89
0.05,-0.22,0.9
0.05,-0.28,0.91
0.05,-0.18,0.84
0.05,-0.16,0.94
0.06,-0.14,1.13
0.06,-0.17,1.18
0.04,-0.12,1.04
0.07,0.02,0.9
0.07,-0.17,0.94
0.08,-0.28,0.99
0.09,-0.19,0.88
0.07,-0.13,0.86
0.08,-0.12,1.18
0.08,-0.11,1.18
0.08,-0.09,0.96
0.07,-0.17,0.95
0.1,-0.21,1.08
0.07,-0.15,1.02
0.08,-0.03,1.04
0.07,-0.02,1.01
0.08,-0.01,1.04
0.07,-0.12,1.02
0.07,-0.14,1.03
0.07,-0.14,1.03
0.07,-0.1,0.99
-0.23,-2.35,1.09
-0.29,-2.71,1.21
-0.63,-3.44,0.79
-1.19,-3.98,0.34
-1.47,-2.59,-0.13
-2.01,-1.97,-0.66
-2.7,-1.72,-0.04
-3.18,-1.33,1.01
-3.5,-0.46,1.4
-3.54,0.37,1.6
-3.2,2.04,2.66
-2.43,2.89,3.37
-1.83,4,1.74
-1.19,4,0.12
-0.82,4,0.09
-0.64,1.96,0.6
-0.55,0.58,0.68
-0.44,0.45,0.71
-0.32,0.37,1.08
-0.22,0.09,1.36
-0.19,-0.08,1.38
-0.17,-0.01,1.28
-0.16,0.42,1.18
-0.18,0.68,1.13
-0.21,0.76,1.12
-0.25,0.61,0.86
-0.29,0.43,0.6
-0.26,0.39,0.62
-0.21,0.39,0.81
-0.17,0.32,1.01
-0.13,0.25,1.14
-0.1,0.19,1.22
-0.08,0.25,1.27
-0.08,0.23,1.2
-0.1,0.07,1.11
-0.09,0.02,1.01
-0.07,0.01,0.89
-0.05,0.05,0.83
-0.03,-0.01,0.85
-0.02,0.06,0.89
-0.02,0.13,0.92
-0.02,0.12,1.02
-0.04,0.1,1.15
-0.06,0.17,1.16
-0.08,0.14,1.11
-0.1,0.05,1.05
-0.11,-0.02,0.95
-0.08,-0.03,0.9
-0.04,0.05,0.86
-0.02,0.07,0.79
0,0.08,0.78
0.01,0.12,0.84
0,0.14,0.87
-0.02,0.23,0.86
-0.05,0.35,0.84
-0.06,0.31,0.95
-0.1,0.02,0.97
-0.11,0.08,0.97
-0.13,0.09,0.99
-0.14,0.07,1.01
-0.12,0.06,1.09
-0.1,0.13,1.15
-0.09,0.2,1.12
-0.07,0.31,1.04
-0.06,0.42,0.99
-0.06,0.49,1
-0.09,0.2,1
-0.12,0,0.93
-0.13,-0.03,0.87
-0.12,0.03,0.94
-0.1,0.02,0.99
-0.09,0.06,1.04
-0.06,0.21,1.09
-0.04,0.38,1.14
-0.04,0.5,1.18
-0.04,0.59,1.2
-0.05,0.68,1.19
-0.1,0.69,1.14
-0.18,0.59,1.08
-0.23,0.39,1.05
-0.26,0.2,1
-0.24,0.09,0.98
-0.21,-0.05,1.01
-0.16,-0.1,1.03
-0.11,-0.04,1.01
-0.08,0.09,0.96
-0.05,0.2,0.95
-0.05,0.3,0.89
-0.07,0.42,0.84
-0.09,0.51,0.88
-0.15,0.48,0.96
-0.2,0.24,0.98
-0.2,0.07,1.06
-0.18,-0.17,1.07
-0.16,-0.28,0.83
-0.28,-0.37,0.48
-0.12,0.31,0.23
-0.14,-0.31,0.91
-0.13,-0.46,1.04
-0.09,-0.41,1.02
-0.04,-0.41,1.04
-0.02,-0.37,0.93
-0.03,-0.29,0.68
-0.03,-0.3,0.71
-0.03,-0.36,0.89
-0.03,-0.42,0.93
-0.02,-0.53,0.88
0,-0.51,0.96
0,-0.41,0.96
0,-0.34,0.98
0,-0.32,1.08
0.01,-0.23,1.03
0.02,-0.22,0.89
0.01,-0.29,0.89
0.02,-0.43,1.01
0.04,-0.5,1.11
0.04,-0.39,0.97
0.04,-0.19,0.77
0.04,-0.14,0.86
0.05,-0.13,1.05
0.04,-0.17,1.05
0.05,-0.23,0.97
0.06,-0.23,0.89
0.04,-0.27,0.77
0.06,-0.33,0.85
0.08,-0.33,1
0.08,-0.28,0.92
0.07,-0.21,0.85
-0.11,-2.6,0.59
-0.25,-2.95,0.66
-0.77,-4,0.83
-0.86,-3.94,1.07
-1.34,-4,0.08
-1.9,-3.69,-0.59
-2.46,-3.09,-0.7
-3.32,-2.83,-0.43
-3.99,-1.5,0.56
-4,0.4,1.31
-3.98,1.59,1.55
-3.73,2.55,1.8
-2.97,3.15,2.39
-2.01,4,2.1
-1.3,4,0.71
-0.9,4,0.14
-0.77,3.37,0.66
-0.7,1.51,1.13
-0.68,0.69,1.25
-0.6,0.53,1.43
-0.48,0.49,1.55
-0.39,0.57,1.41
-0.32,0.6,1.21
-0.24,0.55,1.04
-0.17,0.47,0.96
-0.13,0.29,0.93
-0.09,0.21,0.87
-0.11,0.09,0.69
-0.15,-0.13,0.52
-0.16,-0.22,0.46
-0.14,-0.04,0.57
-0.13,0.14,0.76
-0.13,0.15,0.93
-0.12,0.18,1.2
-0.11,0.14,1.37
-0.11,0.09,1.37
-0.1,0.06,1.29
-0.1,0,1.13
-0.1,-0.04,0.98
-0.11,-0.06,0.87
-0.09,-0.03,0.78
-0.06,0.02,0.81
-0.02,0.09,0.89
-0.01,0.07,0.94
0,0.03,1.07
0,0.01,1.25
-0.02,-0.01,1.32
-0.04,-0.04,1.24
-0.06,-0.04,1.07
-0.08,-0.07,0.89
-0.08,-0.04,0.84
-0.07,-0.01,0.85
-0.05,0.02,0.88
-0.03,0.04,0.85
-0.01,0.07,0.87
-0.01,0.09,0.93
-0.02,0.07,0.96
-0.04,0.04,0.98
-0.06,0.01,0.99
-0.08,0.07,0.97
-0.08,0.15,0.98
-0.08,0.18,0.97
-0.08,0.15,0.95
-0.07,0.08,0.93
-0.07,0.08,0.95
-0.07,0.11,0.98
-0.07,0.13,1.04
-0.07,0.17,1.07
-0.07,0.21,1.07
-0.07,0.25,1.09
-0.06,0.3,1.14
-0.04,0.43,1.18
-0.05,0.59,1.19
-0.05,0.7,1.26
-0.05,0.66,1.32
-0.14,0.67,1.36
-0.19,0.64,1.38
-0.25,0.57,1.38
-0.32,0.53,1.33
-0.31,0.49,1.22
-0.32,0.45,0.99
-0.35,0.25,0.59
-0.32,0.01,0.35
-0.25,-0.19,0.41
-0.19,-0.25,0.54
-0.14,-0.22,0.74
-0.11,-0.22,1.06
-0.06,-0.12,1.2
-0.07,-0.01,1.07
-0.07,-0.02,0.92
-0.05,-0.04,0.83
-0.01,-0.1,0.73
-0.01,-0.15,0.69
0,-0.19,0.67
0.01,-0.3,0.67
0.03,-0.35,0.69
0.05,-0.37,0.71
0.06,-0.51,0.83
0.09,-0.56,0.85
0.09,-0.48,0.77
0.08,-0.45,0.81
0.09,-0.4,0.86
0.07,-0.38,0.95
0.07,-0.41,1.03
0.07,-0.39,1
0.07,-0.35,0.95
0.08,-0.32,0.98
0.07,-0.4,0.98
0.08,-0.41,0.97
0.08,-0.35,0.89
0.06,-0.27,0.96
0.07,-0.22,1.11
0.07,-0.18,1.12
0.07,-0.14,1
0.07,-0.14,0.95
0.07,-0.16,0.95
0.07,-0.24,0.95
0.07,-0.26,0.98
0.06,-0.24,0.97
0.06,-0.27,0.93
0.06,-0.3,0.96
0.06,-0.29,0.97
0.06,-0.24,0.99
0.06,-0.22,1.07
0.06,-0.2,1.13
0.06,-0.18,1.11
0.06,-0.2,1.01
0.07,-0.2,0.95
-0.33,-2.59,0.52
-0.37,-3.08,0.79
-1.12,-4,0.57
-1.48,-4,0.74
-2.09,-3.88,0.16
-2.74,-3.1,0.02
-3.43,-2.43,-0.09
-4,-1.8,0.59
-4,-0.02,1.15
-4,1.02,1.6
-3.68,2.2,2.3
-2.92,2.9,2.98
-2.14,4,2.53
-1.23,4,1.28
-0.82,4,0.54
-0.53,2.91,0.35
-0.55,0.92,0.17
-0.51,0.44,0.14
-0.43,0.79,0.39
-0.38,0.83,0.68
-0.31,0.59,1.07
-0.24,0.42,1.34
-0.19,0.41,1.32
-0.14,0.48,1.3
-0.12,0.32,1.22
-0.11,0.22,1
-0.07,0.19,0.66
-0.06,0.1,0.3
-0.06,0.06,-0.09
-0.04,0.12,-0.05
-0.01,0.24,0.31
-0.03,0.2,0.6
-0.04,0.06,1.08
-0.04,-0.06,1.49
-0.03,-0.15,1.69
-0.03,-0.21,1.71
-0.01,-0.23,1.54
-0.01,-0.25,1.2
0,-0.3,0.91
0.03,-0.24,0.72
0.07,-0.12,0.66
0.1,0.03,0.78
0.09,0.03,0.96
0.08,-0.01,1.13
0.06,-0.01,1.22
0.04,-0.01,1.24
0.02,0.04,1.23
0.01,0.07,1.13
-0.02,-0.08,0.96
-0.02,-0.17,0.84
0.02,-0.04,0.81
0.05,0.09,0.81
0.06,0.16,0.76
0.07,0.19,0.75
0.08,0.28,0.73
0.06,0.38,0.76
0.03,0.46,0.88
-0.03,0.37,1
-0.12,0.05,1.09
-0.14,-0.15,1.17
-0.12,-0.16,1.25
-0.09,-0.06,1.27
-0.05,0.14,1.26
-0.02,0.34,1.17
-0.01,0.51,1.06
-0.03,0.52,0.93
-0.05,0.54,0.86
-0.1,0.58,0.79
-0.16,0.54,0.82
-0.21,0.37,0.94
-0.2,0.15,1.09
-0.32,0.08,1.15
-0.27,-0.17,1.15
-0.23,-0.29,1.04
-0.2,-0.2,0.93
-0.17,-0.13,0.9
-0.18,-0.13,0.87
-0.18,-0.09,0.84
-0.19,0.06,0.82
-0.2,0.05,1.04
-0.2,-0.06,1.34
-0.21,-0.13,1.3
-0.23,-0.19,1.01
-0.18,-0.26,0.82
-0.13,-0.46,0.8
-0.11,-0.52,0.83
-0.07,-0.48,0.85
-0.04,-0.48,0.97
-0.03,-0.41,1.1
-0.01,-0.38,1.19
0,-0.27,1.02
-0.02,-0.18,0.9
-0.02,-0.13,1.01
-0.01,-0.4,1.07
-0.01,-0.45,0.94
0.01,-0.39,0.81
0.03,-0.37,0.79
0.04,-0.34,0.79
0.05,-0.34,0.87
0.06,-0.39,0.9
0.06,-0.45,0.99
0.05,-0.4,0.96
0.03,-0.37,0.93
0.04,-0.4,1.03
0.03,-0.38,0.99
0.02,-0.36,0.95
0.04,-0.39,1.01
0.04,-0.31,0.99
0.04,-0.28,1.01
0.05,-0.26,0.99
0.05,-0.25,0.91
0.05,-0.28,0.93
0.05,-0.3,0.96
0.05,-0.3,0.89
0.04,-0.28,0.92
0.05,-0.29,1.01
0.06,-0.27,1.04
0.05,-0.22,0.96
0.06,-0.16,0.95
0.05,-0.12,0.97
0.06,-0.12,0.95
0.07,-0.21,0.93
0.08,-0.26,0.91
0.08,-0.25,0.84
0.07,-0.24,0.89
0.08,-0.22,0.98
0.08,-0.14,1.03
0.07,-0.12,1.06
-0.31,-2.32,0.53
-0.41,-2.55,0.56
-0.56,-2.73,0.67
-0.8,-3.3,0.67
-0.93,-3.09,0.89
-0.92,-2.41,0.87
-0.98,-2.12,0.76
-0.96,-1.39,0.87
-0.89,-0.6,1.1
-0.81,0.1,1.28
-0.64,0.55,1.49
-0.51,1.06,1.47
-0.39,1.4,1.27
-0.25,1.65,1.26
-0.16,1.93,1.25
-0.08,2.12,1.26
-0.02,1.94,1.33
0.01,1.58,1.29
0,1.33,1.23
-0.01,1.08,1.22
0.01,0.8,1.26
0.01,0.79,1.26
0.01,0.89,1.26
0.02,0.93,1.27
0.02,0.87,1.14
0.01,0.74,1
0.01,0.64,1
0.02,0.65,0.95
0.03,0.71,0.88
0.05,0.69,0.82
0.05,0.55,0.8
0.06,0.47,0.79
0.05,0.41,0.74
0.04,0.27,0.8
0.03,0.13,0.82
0.01,-0.01,0.79
0,-0.13,0.84
0,-0.13,0.89
0.01,-0.07,0.86
0,-0.07,0.85
0,-0.09,0.92
0.01,-0.12,0.91
0.01,-0.14,0.82
0.02,-0.13,0.79
0.03,-0.11,0.8
0.03,-0.06,0.89
0.04,0.02,0.96
0.05,0.05,0.98
0.06,0.03,0.95
0.07,0.03,0.97
0.08,0.1,0.93
0.09,0.05,0.93
0.09,-0.01,0.96
0.09,-0.03,0.9
0.09,-0.05,0.94
0.08,0.02,0.99
0.06,0.08,1.05
0.06,0.15,1.15
0.06,0.25,1.15
0.06,0.31,1.09
0.07,0.28,1.06
0.08,0.24,1.07
0.09,0.18,1.04
0.08,0.15,1.01
0.07,0.13,1.02
0.07,0.13,1.04
0.06,0.15,1.11
0.08,0.27,1.21
0.1,0.31,1.16
0.12,0.24,1.05
0.13,0.15,0.99
0.14,0.07,0.97
0.14,0.01,0.96
0.13,0,0.95
0.11,-0.04,1
0.1,-0.05,1.05
0.1,-0.01,1.1
0.09,-0.04,1.14
0.08,-0.02,1.18
0.09,0,1.19
0.11,0.06,1.15
0.13,0.08,1.08
0.16,0.09,0.99
0.18,0.08,0.92
0.19,0.04,0.89
0.18,0,0.89
0.17,0,0.94
0.15,-0.02,0.95
0.13,-0.04,0.96
0.12,-0.02,1
0.13,0,1.01
0.14,-0.04,0.97
0.15,-0.13,0.96
0.14,-0.21,0.92
0.12,-0.25,0.89
0.12,-0.24,0.91
0.1,-0.22,0.9
0.09,-0.23,0.91
0.08,-0.26,0.92
0.08,-0.26,0.88
0.1,-0.21,0.85
0.12,-0.16,0.85
0.12,-0.14,0.83
0.13,-0.12,0.83
0.12,-0.12,0.82
0.12,-0.14,0.8
0.11,-0.15,0.8
0.11,-0.12,0.8
0.1,-0.13,0.82
0.09,-0.15,0.86
0.1,-0.15,0.84
0.11,-0.15,0.84
0.1,-0.16,0.9
0.1,-0.14,0.96
0.1,-0.16,0.96
0.1,-0.12,0.95
0.1,-0.06,0.97
0.11,-0.02,1
0.11,-0.06,0.98
0.12,-0.11,1
0.12,-0.15,0.99
0.12,-0.18,0.99
0.12,-0.22,1
0.11,-0.22,1
0.11,-0.2,1.04
0.11,-0.16,1.05
0.11,-0.15,1.04
0.11,-0.15,1.02
-0.33,-2.95,0.18
-0.43,-3.57,0.16
-0.55,-4,0.3
-0.72,-4,0.28
-1.12,-4,0.36
-1.67,-4,0.11
-2.44,-3.98,-0.21
-3.11,-2.88,-0.31
-3.93,-2.18,-0.51
-4,-1.06,0.86
-4,1.49,2.78
-4,2.36,3.52
-3.67,2.48,3.1
-3.26,3.29,2.12
-2.32,4,0.6
-1.43,4,-0.2
-0.97,4,-0.32
-0.74,2.31,0.32
-0.6,0.76,0.91
-0.55,0.36,0.98
-0.45,0.41,1.06
-0.35,0.36,1.25
-0.29,0.38,1.27
-0.23,0.51,1.24
-0.18,0.65,1.18
-0.13,0.72,1.09
-0.14,0.58,0.85
-0.18,0.33,0.54
-0.22,-0.01,0.26
-0.23,-0.11,0.26
-0.21,0.11,0.4
-0.18,0.2,0.68
-0.14,0.26,1.04
-0.11,0.22,1.35
-0.1,0.14,1.52
-0.08,0.08,1.54
-0.04,0.1,1.46
-0.03,0.12,1.18
-0.03,0.08,0.97
-0.03,0.07,0.77
-0.04,0.01,0.64
-0.02,0.01,0.72
0.01,0.08,0.9
0.02,0.09,1.01
0.03,0.08,1.18
0.02,0.07,1.26
0.01,0.06,1.23
-0.02,0.05,1.17
-0.04,0.06,1.07
-0.06,0.08,0.96
-0.05,0.17,0.89
-0.05,0.16,0.84
-0.05,0.13,0.8
-0.03,0.17,0.8
-0.03,0.21,0.81
-0.05,0.21,0.87
-0.08,0.19,1
-0.1,0.18,1.14
-0.12,0.24,1.22
-0.14,0.34,1.26
-0.11,0.42,1.22
-0.11,0.47,1.11
-0.1,0.46,1.02
-0.09,0.37,0.96
-0.1,0.21,0.92
-0.09,0.06,0.9
-0.07,0.02,0.92
-0.09,0.04,0.86
-0.1,0.1,0.85
-0.07,0.2,0.94
-0.05,0.26,1
-0.04,0.26,1.08
-0.02,0.2,1.2
-0.01,0.13,1.3
-0.01,0.07,1.3
-0.02,0.01,1.21
-0.04,-0.01,1.01
-0.06,0.08,0.88
-0.05,0.16,0.85
-0.04,0.08,0.91
-0.02,0.05,0.86
-0.01,0.17,0.78
0,0.14,0.85
0.01,0.01,1.04
0.01,-0.09,1.2
0.01,-0.09,1.25
0,-0.03,1.19
-0.03,0.04,1
-0.03,0.07,0.85
-0.02,0.04,0.63
-0.01,0.09,0.55
0,0.04,0.63
0.04,-0.13,0.82
0.05,-0.38,0.99
0.07,-0.42,1.06
0.08,-0.28,1.03
0.08,-0.16,1.01
0.07,-0.07,1.01
0.05,0.09,0.9
0.04,0.14,0.78
0.03,0.08,0.81
0.04,-0.08,1
0.06,-0.28,1.1
0.06,-0.32,1
0.08,-0.27,0.81
0.07,-0.23,0.79
0.08,-0.28,0.98
0.08,-0.29,1.08
0.09,-0.23,1.08
0.09,-0.16,1.04
0.1,-0.13,1.01
0.11,-0.12,1
0.12,-0.14,0.98
0.12,-0.17,1.03
0.13,-0.21,1.05
0.13,-0.23,1.03
0.14,-0.17,0.99
0.14,-0.06,0.93
0.15,-0.01,0.9
0.15,-0.05,0.99
0.17,-0.06,1.06
0.17,-0.07,0.97
0.17,-0.07,0.91
0.18,-0.11,0.95
0.18,-0.13,0.91
0.18,-0.09,0.91
0.18,-0.06,0.97
0.18,0,0.95
-0.43,-3.85,0.06
-1.01,-4,0.17
-1.39,-4,0.77
-1.75,-4,0.32
-2.09,-2.87,-0.69
-2.69,-2.21,-0.85
-3.83,-2.12,0.68
-4,-0.4,2.4
-3.47,2.24,2.21
-2.73,3.66,0.31
-1.82,4,-0.38
-1.2,4,0.13
-1.02,2.61,1.11
-0.83,2.26,1.65
-0.67,2.45,1.63
-0.56,1.96,1.66
-0.48,1.16,1.86
-0.39,0.47,1.76
-0.33,0.22,1.37
-0.27,0.27,1.06
-0.19,0.37,0.91
-0.11,0.28,0.86
-0.05,0.08,0.71
-0.03,0.04,0.56
-0.01,0.15,0.6
-0.02,0.12,0.7
-0.06,-0.05,0.84
-0.09,-0.08,1.07
-0.11,0.04,1.21
-0.14,0.11,1.21
-0.16,0.13,1.23
-0.15,0.2,1.23
-0.14,0.25,1.14
-0.13,0.22,1.01
-0.12,0.21,0.93
-0.1,0.17,0.91
-0.09,0.09,0.92
-0.09,0.02,0.97
-0.09,0.03,0.98
-0.08,0.08,0.99
-0.07,0.1,1.06
-0.07,0.11,1.18
-0.07,0.11,1.26
-0.07,0.12,1.21
-0.08,0.16,1.09
-0.1,0.2,1
-0.11,0.18,1
-0.11,0.16,1.01
-0.1,0.17,1.01
-0.1,0.18,1.02
-0.1,0.18,1.03
-0.1,0.16,1.04
-0.09,0.14,1.04
-0.07,0.18,1.04
-0.06,0.17,1.01
-0.05,0.12,0.97
-0.03,0.21,0.94
-0.03,0.3,0.91
-0.03,0.31,0.93
-0.06,0.22,1
-0.08,0.03,1.1
-0.07,-0.09,1.16
-0.05,-0.08,1.1
-0.04,-0.05,1.02
-0.03,-0.03,0.98
-0.01,-0.04,0.99
0,0.05,0.97
0,0.14,0.9
0.01,0.2,0.83
0.03,0.23,0.84
0.02,0.27,0.92
-0.02,0.22,0.97
-0.06,-0.05,1.09
-0.07,-0.28,1.22
-0.06,-0.41,1.23
-0.03,-0.4,1.11
0,-0.25,0.9
0.03,-0.15,0.69
0.06,-0.04,0.59
0.07,0.13,0.56
0.06,0.08,0.66
0.05,-0.09,0.93
0.05,-0.18,1.06
0.01,-0.3,1.03
0.01,-0.51,1
0.05,-0.58,1
0.07,-0.46,0.87
0.08,-0.34,0.78
0.09,-0.16,0.77
0.09,-0.03,0.73
0.07,-0.17,0.85
0.06,-0.33,1
0.06,-0.32,1
0.05,-0.36,0.94
0.06,-0.47,1
0.09,-0.53,1.03
0.1,-0.48,0.91
0.1,-0.34,0.84
0.1,-0.29,0.89
0.1,-0.23,0.88
0.1,-0.19,0.83
0.09,-0.26,0.91
0.08,-0.25,0.99
0.08,-0.25,1.02
0.08,-0.21,1.05
0.07,-0.16,1
0.08,-0.23,1
0.1,-0.24,1.04
0.09,-0.31,1
0.1,-0.23,0.89
0.1,-0.14,0.78
0.11,-0.17,0.83
0.11,-0.28,0.98
0.1,-0.27,1.01
0.1,-0.21,0.97
0.11,-0.13,0.91
0.09,-0.17,0.96
0.09,-0.3,1.03
0.11,-0.37,1.02
0.11,-0.31,0.92
0.1,-0.22,0.83
0.11,-0.2,0.86
0.1,-0.2,0.97
0.1,-0.21,1.04
0.1,-0.19,1.02
0.1,-0.14,0.98
0.09,-0.18,0.97
0.1,-0.3,1.03
-0.25,-2.53,0.24
-0.36,-2.79,0.05
-0.61,-2.99,0
-0.91,-4,0.18
-0.93,-3.26,0.57
-1.15,-3.37,0.33
-1.32,-3.09,0.42
-1.34,-2.44,0.87
-1.29,-1.55,1.18
-1.21,-0.21,1.16
-1.06,1,1.5
-0.83,2.05,1.89
-0.63,2.61,2.07
-0.41,2.78,2.12
-0.09,3.61,1.95
0.04,3.19,1.38
0.14,2.37,1.19
0.28,2.21,1.29
0.29,1.6,1.01
0.27,1.13,0.77
0.22,0.69,0.68
0.16,0.14,0.6
0.09,-0.26,0.61
0.05,-0.33,0.71
0.01,-0.14,0.75
0.01,0.11,0.87
0,0.23,0.93
0,0.19,0.86
0,0.15,0.83
0,0.08,0.84
-0.01,0.01,0.86
-0.01,-0.04,0.87
-0.02,-0.01,0.87
-0.02,-0.01,1.01
0,0.01,1.08
0.02,0.08,1.01
0.04,0.03,1
0.07,-0.06,1.01
0.09,-0.12,0.94
0.09,-0.12,0.89
0.1,-0.09,0.89
0.11,0.02,0.94
0.12,0.13,0.97
0.13,0.17,0.99
0.14,0.19,0.99
0.16,0.21,0.97
0.17,0.19,0.97
0.17,0.13,0.95
0.15,0.08,0.97
0.14,0.05,1.01
0.11,0.02,1.06
0.08,0.01,1.12
0.04,0.04,1.17
0.02,0.07,1.23
0.02,0.09,1.27
0.02,0.13,1.24
0.04,0.2,1.22
0.05,0.23,1.18
0.06,0.21,1.1
0.07,0.2,1.05
0.09,0.19,1.02
0.1,0.17,0.95
0.1,0.08,0.87
0.1,-0.04,0.89
0.1,-0.15,0.93
0.09,-0.2,0.92
0.06,-0.22,0.91
0.05,-0.22,0.98
0.04,-0.2,1.03
0.03,-0.17,1.04
0.04,-0.21,0.99
0.05,-0.26,0.93
0.05,-0.36,0.88
0.05,-0.43,0.82
0.05,-0.44,0.85
0.05,-0.45,0.92
0.06,-0.38,0.97
0.05,-0.31,0.97
0.05,-0.3,1
0.04,-0.34,1
0.05,-0.35,0.95
0.05,-0.4,0.94
0.05,-0.42,0.92
0.06,-0.38,0.88
0.04,-0.29,0.84
0.06,-0.24,0.88
0.1,-0.22,1.01
0.12,-0.16,0.95
0.14,-0.13,0.86
0.16,-0.16,0.86
0.16,-0.22,0.87
0.17,-0.26,0.88
0.17,-0.28,0.89
0.16,-0.27,0.89
0.16,-0.26,0.91
0.16,-0.26,0.93
0.17,-0.27,0.95
0.17,-0.33,0.92
0.16,-0.36,0.88
0.15,-0.36,0.9
0.14,-0.38,0.97
0.14,-0.35,1.03
0.13,-0.31,1.03
0.12,-0.27,1.01
0.11,-0.28,1.03
0.12,-0.31,1.04
0.11,-0.29,0.98
0.11,-0.33,0.96
0.11,-0.34,0.97
0.11,-0.29,0.97
0.11,-0.24,0.99
0.11,-0.23,0.99
0.11,-0.24,0.99
0.11,-0.25,0.95
0.11,-0.29,0.93
0.11,-0.32,0.92
0.1,-0.35,0.91
0.1,-0.34,0.92
0.1,-0.32,0.95
0.1,-0.29,0.95
0.1,-0.24,0.92
0.1,-0.24,0.92
0.11,-0.25,0.95
0.1,-0.27,0.92
0.11,-0.27,0.92
0.11,-0.23,0.94
0.12,-0.2,0.96
0.12,-0.16,0.96
-0.24,-2.79,-0.07
-0.58,-3.77,-0.24
-0.96,-4,-0.33
-1.17,-4,-0.29
-1.57,-3.83,-0.9
-2.22,-2.96,-1.1
-2.97,-2.01,-0.76
-3.84,-1.17,0.77
-3.9,0.07,3.05
-3.37,1.44,3.18
-2.83,2.34,1.72
-2.45,3.16,0.72
-1.75,4,1.14
-1.1,4,1.91
-0.73,3.34,1.8
-0.56,3.12,1.66
-0.51,2.43,1.67
-0.49,1.31,1.75
-0.41,0.49,1.73
-0.35,0.08,1.52
-0.26,-0.03,1.23
-0.17,-0.01,1.05
-0.07,0.05,1
-0.01,0.12,0.88
0.04,-0.01,0.55
0.04,-0.24,0.31
0.05,-0.25,0.2
0.04,-0.13,0.29
0,-0.17,0.63
-0.02,-0.19,1.09
-0.05,-0.2,1.37
-0.08,-0.18,1.45
-0.09,-0.17,1.45
-0.09,-0.1,1.31
-0.1,0,1.12
-0.09,0.04,0.97
-0.09,0.04,0.87
-0.08,0.07,0.82
-0.06,0.13,0.86
-0.05,0.13,0.88
-0.05,0.06,0.97
-0.06,0,1.12
-0.05,0.09,1.18
-0.06,0.17,1.13
-0.09,0.17,1.08
-0.1,0.13,1.12
-0.12,0.14,1.17
-0.13,0.17,1.17
-0.15,0.24,1.11
-0.14,0.3,1.05
-0.13,0.35,1.08
-0.12,0.33,1.12
-0.13,0.3,1.13
-0.15,0.29,1.14
-0.17,0.25,1.04
-0.18,0.18,0.97
-0.18,0.11,0.95
-0.18,-0.02,0.98
-0.15,-0.11,1.02
-0.11,-0.1,1.05
-0.08,0,1.04
-0.08,0.12,1.01
-0.08,0.13,0.97
-0.1,0.09,0.87
-0.13,-0.04,0.8
-0.15,-0.26,0.78
-0.14,-0.41,0.73
-0.11,-0.49,0.68
-0.07,-0.57,0.74
-0.03,-0.5,0.84
0.01,-0.36,0.91
0.02,-0.26,0.93
0.02,-0.15,0.88
0,-0.03,0.79
-0.01,0.08,0.76
-0.07,0.05,0.72
-0.09,-0.13,0.76
-0.08,-0.37,0.94
-0.06,-0.43,0.98
-0.05,-0.54,0.86
-0.02,-0.53,0.84
-0.03,-0.59,0.87
-0.04,-0.62,0.92
-0.04,-0.51,0.91
-0.06,-0.46,0.89
-0.08,-0.59,1.01
-0.07,-0.71,1.12
-0.08,-0.74,1.02
-0.08,-0.74,0.94
-0.07,-0.73,0.94
-0.06,-0.69,0.91
-0.04,-0.64,0.9
-0.03,-0.59,0.89
-0.03,-0.51,0.86
-0.04,-0.5,0.94
-0.03,-0.59,1.04
-0.02,-0.59,1.01
-0.02,-0.5,0.89
-0.01,-0.43,0.94
-0.02,-0.47,1
0,-0.48,1
0,-0.45,0.92
0.01,-0.47,0.89
0.01,-0.43,0.86
0.01,-0.42,0.86
0.01,-0.41,0.9
0.01,-0.41,0.94
0.01,-0.41,0.94
0.01,-0.37,0.95
0.01,-0.38,0.94
0.02,-0.37,0.96
0.02,-0.35,0.95
0.02,-0.32,0.88
0.02,-0.31,0.86
0.03,-0.33,0.92
0.04,-0.3,0.88
0.03,-0.28,0.87
0.03,-0.29,0.93
0.05,-0.28,0.92
0.04,-0.26,0.89
0.04,-0.25,0.93
0.04,-0.28,1
0.04,-0.31,0.98
0.04,-0.29,0.93
0.04,-0.29,0.93
0.04,-0.28,0.91
0.05,-0.25,0.85
0.04,-0.25,0.88
-0.33,-2.62,0.09
-0.45,-2.84,-0.04
-0.77,-3.9,-0.13
-0.91,-3.75,0.06
-1,-2.93,0.04
-1.19,-3.17,-0.08
-1.36,-2.9,0.05
-1.52,-2.32,0.51
-1.44,-1.65,1.1
-1.32,-0.77,1.3
-1.17,0.49,1.47
-0.97,1.77,1.79
-0.76,2.6,2.28
-0.56,2.97,2.51
-0.21,4,2.32
0,3.29,1.7
0.14,2.46,1.42
0.29,2.21,1.29
0.3,1.58,0.83
0.28,1.08,0.61
0.24,0.7,0.66
0.18,0.48,0.71
0.1,0.22,0.76
0.06,0.02,0.88
0.03,0.01,0.94
0,0.08,0.97
0.01,0.2,1.01
0,0.23,0.97
-0.01,0.24,0.88
-0.02,0.22,0.81
-0.02,0.15,0.79
-0.03,0.08,0.83
-0.02,0.02,0.83
0,0.04,0.83
0,0.01,0.86
0.02,-0.04,0.9
0.03,-0.03,0.85
0.04,-0.04,0.86
0.05,-0.09,0.93
0.06,-0.06,0.87
0.06,-0.06,0.8
0.06,-0.1,0.88
0.06,-0.11,0.94
0.06,-0.08,0.96
0.07,0.01,0.93
0.08,0.13,0.91
0.1,0.09,0.96
0.13,0.1,0.95
0.14,0.13,0.92
0.14,0.14,0.97
0.13,0.12,1.03
0.11,0.06,1.02
0.09,0.03,1.01
0.08,0.07,1.05
0.1,0.16,1.12
0.12,0.15,1.14
0.14,0.1,1.09
0.14,0.09,1.07
0.13,0.07,1.05
0.11,-0.01,1
0.09,-0.08,1
0.08,-0.06,1.05
0.09,0,1.06
0.1,-0.05,1.02
0.13,-0.14,1.01
0.12,-0.13,0.95
0.13,-0.17,0.88
0.11,-0.17,0.88
0.08,-0.24,0.93
0.07,-0.3,1.02
0.06,-0.28,1.04
0.06,-0.26,1
0.07,-0.3,0.99
0.07,-0.36,0.95
0.08,-0.41,0.88
0.08,-0.43,0.84
0.07,-0.37,0.82
0.06,-0.36,0.92
0.06,-0.29,1.02
0.05,-0.2,1.05
0.05,-0.17,1.08
0.06,-0.24,1.08
0.07,-0.31,1.01
0.07,-0.41,0.91
0.06,-0.48,0.88
0.05,-0.51,0.9
0.05,-0.47,0.92
0.05,-0.4,0.98
0.06,-0.33,1.04
0.06,-0.35,1.03
0.07,-0.35,0.98
0.07,-0.38,0.96
0.07,-0.39,0.98
0.06,-0.36,0.93
0.06,-0.39,0.92
0.06,-0.38,0.93
0.06,-0.34,0.91
0.07,-0.28,0.94
0.07,-0.27,0.98
0.07,-0.26,0.99
0.07,-0.26,0.96
0.07,-0.25,0.95
0.06,-0.25,0.92
0.07,-0.29,0.9
0.07,-0.31,0.9
0.07,-0.29,0.94
0.08,-0.28,0.94
0.07,-0.24,0.9
0.07,-0.24,0.91
0.07,-0.23,0.94
0.08,-0.19,0.92
0.08,-0.19,0.91
0.08,-0.24,0.98
0.09,-0.24,0.97
0.09,-0.22,0.93
0.1,-0.18,0.91
0.1,-0.2,0.91
0.1,-0.22,0.98
0.1,-0.18,0.98
0.1,-0.15,0.95
0.1,-0.16,0.96
0.09,-0.2,1
0.1,-0.18,1.03
0.1,-0.15,0.99
0.1,-0.11,0.99
0.11,-0.12,1.03
0.11,-0.11,1.02
0.11,-0.1,0.97
-0.23,-2.76,0.01
-0.63,-3.86,-0.29
-1.27,-4,-0.6
-1.72,-3.35,-1.13
-2.38,-2.48,-1.77
-3.26,-2.86,-0.92
-4,-1.88,0.76
-4,0.44,1.99
-3.43,1.75,2.51
-2.9,2.15,2.55
-2.5,2.92,2.3
-1.92,3.99,1.41
-1.37,4,0.71
-1.09,3.97,0.81
-0.82,2.32,1.24
-0.89,1.51,1.57
-0.82,0.81,1.35
-0.72,0.18,1.42
-0.59,0.3,1.69
-0.52,0.33,1.7
-0.49,0.31,1.65
-0.4,0.32,1.56
-0.31,0.24,1.38
-0.23,0.19,1.17
-0.2,0.05,0.87
-0.14,-0.03,0.56
-0.09,-0.13,0.27
-0.05,-0.15,0.09
-0.01,-0.04,0.08
-0.01,0.01,0.25
-0.04,0,0.58
-0.07,0,0.89
-0.11,-0.01,1.09
-0.15,-0.02,1.26
-0.17,0.03,1.35
-0.2,0.02,1.34
-0.21,-0.07,1.29
-0.21,-0.05,1.13
-0.2,0.02,0.96
-0.18,0.12,0.88
-0.15,0.2,0.87
-0.13,0.26,0.92
-0.14,0.25,0.93
-0.14,0.26,1.02
-0.12,0.34,1.1
-0.12,0.54,1.07
-0.14,0.58,1.05
-0.17,0.51,1.11
-0.21,0.46,1.19
-0.25,0.31,1.22
-0.26,0.2,1.3
-0.27,0.16,1.32
-0.29,0.16,1.29
-0.29,0.09,1.18
-0.29,0.02,0.98
-0.27,0.03,0.89
-0.24,-0.04,0.91
-0.22,-0.12,0.88
-0.19,-0.08,0.82
-0.2,-0.11,0.77
-0.19,-0.25,0.81
-0.18,-0.39,0.87
-0.19,-0.4,0.86
-0.17,-0.49,0.76
-0.13,-0.56,0.68
-0.1,-0.6,0.6
-0.06,-0.66,0.43
-0.04,-0.64,0.34
-0.02,-0.71,0.31
-0.01,-0.76,0.38
-0.01,-0.8,0.46
0,-0.82,0.6
0,-0.79,0.68
0,-0.74,0.69
-0.01,-0.71,0.72
-0.04,-0.69,0.88
-0.05,-0.57,1.13
-0.07,-0.37,1.27
-0.09,-0.14,1.24
-0.11,-0.04,1.22
-0.13,0.01,1.29
-0.13,-0.13,1.39
-0.11,-0.21,1.36
-0.11,-0.24,1.16
-0.12,-0.27,0.91
-0.12,-0.38,0.9
-0.11,-0.44,1.03
-0.1,-0.38,1.21
-0.1,-0.2,1.28
-0.1,-0.05,1.2
-0.1,-0.06,1.07
-0.11,-0.23,0.97
-0.12,-0.45,0.94
-0.1,-0.6,0.85
-0.09,-0.75,0.78
-0.07,-0.76,0.83
-0.08,-0.71,0.96
-0.07,-0.55,1.1
-0.07,-0.4,1.11
-0.06,-0.31,0.9
-0.04,-0.3,0.82
-0.02,-0.32,0.81
0,-0.28,0.81
-0.01,-0.33,0.88
-0.01,-0.35,0.88
0.01,-0.38,0.88
0.02,-0.42,0.85
0.01,-0.42,0.81
0.03,-0.42,0.77
0.04,-0.3,0.86
0.04,-0.27,0.96
0.05,-0.26,0.95
0.05,-0.23,0.8
0.05,-0.28,0.73
0.05,-0.3,0.81
0.06,-0.31,0.93
0.07,-0.31,0.96
0.07,-0.28,0.89
0.06,-0.27,0.82
0.06,-0.27,0.81
0.07,-0.31,0.85
0.08,-0.3,0.86
0.08,-0.33,0.85
0.08,-0.3,0.85
0.08,-0.3,0.87
0.08,-0.32,0.86
0.07,-0.33,0.92
0.07,-0.31,0.94
-0.32,-2.34,0.36
-0.4,-2.67,0.16
-0.58,-2.91,-0.1
-0.94,-4,-0.36
-1.02,-3.87,-0.23
-1.15,-3.61,-0.43
-1.37,-3.67,-0.67
-1.57,-3.11,-0.66
-1.73,-2.23,0.16
-1.57,-0.71,1.9
-1.27,0.75,2.5
-1,1.64,2.16
-0.69,2.41,2.26
-0.42,2.77,2.55
-0.1,3.02,2.35
0.11,3.83,1.86
0.18,2.26,1.27
0.27,1.97,1.18
0.3,1.42,0.83
0.29,0.8,0.51
0.25,0.58,0.45
0.19,0.41,0.47
0.12,0.23,0.65
0.08,0.11,0.97
0.02,0.14,1.04
0,0.24,1.08
-0.02,0.32,1.13
-0.03,0.37,1.09
-0.05,0.3,0.98
-0.06,0.18,0.89
-0.07,0,0.86
-0.07,-0.12,0.83
-0.06,-0.18,0.81
-0.04,-0.16,0.8
-0.03,-0.06,0.78
-0.01,0,0.87
0.01,0.05,0.97
0.04,0.09,0.97
0.07,0.1,0.9
0.1,0.1,0.82
0.12,0.1,0.76
0.11,0.07,0.78
0.12,0.12,0.9
0.12,0.16,0.88
0.12,0.18,0.88
0.13,0.21,0.93
0.14,0.23,0.95
0.14,0.19,0.98
0.14,0.18,1.02
0.13,0.18,1.03
0.12,0.12,1.06
0.11,0.15,1.06
0.09,0.17,1.05
0.08,0.12,1.14
0.1,0.16,1.25
0.11,0.19,1.14
0.1,0.13,1.05
0.11,0.06,1.03
0.1,-0.01,1
0.09,-0.03,0.96
0.08,-0.04,0.96
0.06,-0.09,1.02
0.05,-0.06,1.09
0.06,0.06,1.09
0.08,0.1,1.06
0.09,0,1.03
0.09,-0.13,0.97
0.08,-0.21,0.93
0.08,-0.24,0.91
0.06,-0.25,0.92
0.04,-0.23,0.99
0.05,-0.18,1.04
0.08,-0.1,0.97
0.1,-0.14,0.94
0.11,-0.18,0.9
0.1,-0.2,0.86
0.1,-0.24,0.88
0.09,-0.22,0.9
0.07,-0.22,0.91
0.07,-0.24,0.97
0.08,-0.25,1.01
0.09,-0.22,0.98
0.09,-0.24,0.95
0.09,-0.28,0.96
0.08,-0.28,0.95
0.08,-0.3,0.98
0.08,-0.26,1.02
0.08,-0.2,1
0.1,-0.12,1.02
0.12,-0.07,1.03
0.13,-0.07,0.99
0.13,-0.1,0.96
0.12,-0.12,0.92
0.12,-0.15,0.95
0.11,-0.14,0.96
0.1,-0.13,0.98
0.1,-0.12,0.99
0.1,-0.22,1
0.1,-0.31,1
0.09,-0.37,0.96
0.09,-0.45,0.96
0.1,-0.51,0.97
0.08,-0.44,0.91
0.09,-0.5,0.96
0.1,-0.5,1
0.1,-0.45,0.96
0.09,-0.41,0.93
0.09,-0.39,1
0.09,-0.4,1.04
0.08,-0.35,1.01
0.09,-0.34,1
0.1,-0.3,1.02
0.1,-0.21,1.02
0.1,-0.14,1.02
0.1,-0.14,1.03
0.1,-0.18,1.01
0.09,-0.24,0.96
0.09,-0.27,0.97
0.1,-0.26,0.99
0.1,-0.21,0.99
0.1,-0.16,1
0.1,-0.16,1
0.1,-0.18,0.98
0.1,-0.19,0.94
0.09,-0.21,0.93
0.09,-0.24,0.95
0.09,-0.23,0.94
0.1,-0.18,0.95
-0.22,-2.14,0.71
-0.31,-2.58,0.4
-0.45,-2.84,0.29
-0.82,-4,0.48
-0.96,-3.87,0.99
-1.2,-4,0.54
-1.56,-3.76,-0.15
-1.92,-2.91,-0.42
-2.28,-2.42,-0.31
-2.83,-1.78,0.02
-3.43,-0.95,0.01
-4,0.12,1.15
-3.88,1.33,2.97
-3.42,2.21,2.78
-2.99,3.46,0.89
-2.09,4,-0.43
-1.24,4,-0.18
-0.93,2.85,0.47
-0.88,1.58,1.12
-0.79,1.83,1.52
-0.7,2.14,1.61
-0.65,2,1.75
-0.6,1.54,1.79
-0.56,1.02,1.62
-0.49,0.61,1.26
-0.39,0.56,0.98
-0.29,0.54,0.84
-0.22,0.35,0.61
-0.15,0.04,0.3
-0.08,-0.21,0.06
-0.03,-0.1,0.15
-0.01,0.05,0.43
-0.04,0.02,0.78
-0.04,0.04,1.29
-0.08,0.07,1.46
-0.1,0.07,1.41
-0.13,0.1,1.36
-0.15,0.09,1.24
-0.18,-0.02,1.12
-0.18,-0.09,0.99
-0.17,0,0.91
-0.16,0.05,0.9
-0.14,0.16,0.9
-0.12,0.33,0.92
-0.12,0.43,0.97
-0.13,0.43,1.03
-0.12,0.48,1.08
-0.17,0.56,1.1
-0.21,0.59,1.12
-0.26,0.57,1.16
-0.3,0.46,1.15
-0.31,0.32,1.15
-0.31,0.31,1.12
-0.31,0.36,1.07
-0.29,0.48,0.99
-0.27,0.67,0.92
-0.27,0.85,0.84
-0.31,1.01,0.83
-0.35,1.01,1.01
-0.39,0.77,1.22
-0.44,0.51,1.32
-0.48,0.29,1.33
-0.48,-0.01,1.21
-0.45,-0.23,1.01
-0.41,-0.3,0.73
-0.37,-0.32,0.51
-0.34,-0.34,0.24
-0.28,-0.51,0.2
-0.19,-0.66,0.43
-0.16,-0.69,0.62
-0.15,-0.7,0.93
-0.14,-0.81,1.21
-0.12,-0.95,1.36
-0.09,-0.91,1.26
-0.08,-0.71,0.88
-0.07,-0.6,0.68
-0.08,-0.7,0.76
-0.06,-0.72,0.87
-0.01,-0.7,0.89
0,-0.67,0.77
0.03,-0.6,0.68
0.05,-0.62,0.78
0.06,-0.62,0.97
0.09,-0.57,0.98
0.07,-0.38,0.8
0.06,-0.27,0.76
0.06,-0.33,0.93
0.05,-0.43,1.05
0.03,-0.43,0.96
-0.02,-0.43,0.71
0,-0.58,0.63
0.02,-0.77,0.73
0.04,-0.75,0.91
0.04,-0.65,0.97
0.03,-0.44,0.95
0.03,-0.36,0.96
0.03,-0.4,0.96
0.04,-0.44,0.94
0.05,-0.43,0.89
0.04,-0.43,0.85
0.05,-0.45,0.85
0.05,-0.47,0.86
0.05,-0.46,0.87
0.04,-0.4,0.92
0.04,-0.33,0.95
0.04,-0.31,0.95
0.04,-0.29,0.92
0.04,-0.28,0.86
0.04,-0.37,0.88
0.05,-0.38,0.87
0.04,-0.41,0.83
0.04,-0.48,0.85
0.03,-0.41,0.91
0.02,-0.4,0.94
0.03,-0.37,0.98
0.03,-0.32,0.97
0.03,-0.27,0.91
0.03,-0.23,0.86
0.02,-0.31,0.91
0.02,-0.38,0.96
0.01,-0.42,0.89
0,-0.44,0.85
0,-0.48,0.89
0.01,-0.5,0.94
0.01,-0.49,0.95
0.02,-0.47,0.98
0.04,-0.32,0.95
0.04,-0.08,0.73
-0.3,-2.29,0.72
-0.4,-2.68,0.32
-0.55,-2.96,-0.1
-0.88,-4,-0.52
-1.11,-4,-0.24
-1.33,-4,-0.46
-1.74,-3.93,-0.71
-2.22,-4,-0.27
-2.74,-3.65,-0.04
-3.28,-2.99,-0.19
-3.91,-2.11,-0.12
-4,-0.98,0.72
-4,0.48,2.44
-3.9,2.27,3.81
-2.92,3.27,3.73
-1.84,4,2.61
-1.1,4,1.79
-0.84,3.05,2.17
-0.66,0.53,2.22
-0.63,-0.05,1.39
-0.55,0.48,0.58
-0.44,0.76,0.56
-0.33,0.79,0.86
-0.23,0.85,0.94
-0.14,0.92,0.76
-0.08,0.74,0.54
-0.05,0.54,0.37
-0.08,0.38,0.18
-0.15,0.12,0.21
-0.22,-0.07,0.46
-0.26,-0.14,0.73
-0.29,-0.19,0.92
-0.26,-0.21,0.94
-0.23,-0.19,0.96
-0.2,-0.09,0.98
-0.18,0.03,1.02
-0.14,0.12,1.08
-0.17,0.11,1.07
-0.21,-0.03,0.95
-0.24,-0.17,0.98
-0.28,-0.42,1.02
-0.27,-0.57,1.19
-0.22,-0.52,1.33
-0.15,-0.35,1.27
-0.11,-0.3,1.16
-0.07,-0.23,1.1
-0.05,-0.07,0.92
-0.07,-0.02,0.72
-0.11,-0.01,0.67
-0.14,-0.08,0.82
-0.15,-0.13,1.01
-0.15,-0.19,1.07
-0.13,-0.27,1.02
-0.09,-0.39,0.95
-0.08,-0.5,0.89
-0.06,-0.48,0.83
-0.07,-0.42,0.71
-0.08,-0.27,0.61
-0.06,-0.11,0.64
-0.04,-0.04,0.71
-0.02,-0.17,0.84
-0.02,-0.23,1.01
-0.02,-0.26,1.13
-0.09,-0.42,1.19
-0.12,-0.58,1.28
-0.13,-0.71,1.22
-0.11,-0.74,1
-0.06,-0.59,0.74
-0.02,-0.47,0.64
0,-0.35,0.76
0,-0.3,1.05
0,-0.31,1.3
-0.02,-0.39,1.33
-0.01,-0.39,1.16
-0.01,-0.43,0.94
-0.02,-0.52,0.9
-0.02,-0.72,1
-0.02,-0.89,1.09
0,-0.93,1.12
0.02,-0.83,1.02
0.02,-0.72,0.89
0,-0.79,0.99
0.01,-0.85,1.12
0.02,-0.82,1.1
0.03,-0.71,0.96
0.02,-0.58,0.88
0.02,-0.48,0.96
0.02,-0.5,1.06
0.04,-0.53,1.08
0.03,-0.51,1.01
0.02,-0.47,0.98
0.02,-0.45,1.05
0.01,-0.44,1.08
0.01,-0.4,1.09
0.01,-0.26,1.07
0.02,-0.19,1.08
0.03,-0.11,1.01
0.03,-0.15,0.97
0.04,-0.22,1.02
0.05,-0.25,0.94
0.05,-0.27,0.89
0.05,-0.27,0.93
0.05,-0.25,0.94
0.05,-0.2,0.94
0.05,-0.17,1.04
0.05,-0.19,1.13
0.05,-0.18,1.1
0.06,-0.06,0.94
0.06,-0.04,0.86
0.07,-0.11,1.03
0.08,-0.15,1.09
0.09,-0.14,0.98
0.1,-0.06,0.89
0.09,-0.04,0.92
0.09,-0.08,1.04
0.09,-0.11,1.07
0.08,-0.14,0.99
0.08,-0.16,0.98
0.09,-0.14,0.98
0.09,-0.11,0.96
0.09,-0.04,0.94
0.09,-0.01,0.91
0.1,-0.04,0.93
0.1,-0.09,0.9
0.1,-0.14,0.84
0.09,-0.13,0.8
0.08,-0.15,0.9
0.09,-0.14,1.02
-0.41,-2.97,-0.35
-0.86,-4,-0.71
-1.01,-3.88,-0.14
-1.22,-3.22,0.16
-1.64,-2.88,-0.27
-2.11,-2.31,-0.71
-2.83,-1.64,-0.37
-3.47,-0.65,0.65
-4,0.27,1.44
-3.85,3.24,1.23
-2.67,4,-0.2
-2.08,4,0.32
-1.34,4,3.24
-0.97,1.83,4
-0.68,1.44,3.57
-0.62,1.6,1.46
-0.45,0.95,0.78
-0.23,0.33,1.25
-0.06,0.1,1.02
0,-0.2,-0.01
0.05,-0.69,-0.39
0.09,-0.7,-0.13
0.03,-0.48,0.26
-0.04,-0.07,0.53
-0.09,0.3,0.7
-0.16,0.66,0.69
-0.21,0.87,0.51
-0.27,0.89,0.46
-0.32,0.77,0.68
-0.35,0.61,0.98
-0.36,0.59,1.21
-0.34,0.7,1.37
-0.32,0.67,1.4
-0.3,0.63,1.33
-0.3,0.47,1.21
-0.3,0.31,1.11
-0.28,0.31,1.05
-0.25,0.36,0.84
-0.22,0.44,0.57
-0.21,0.45,0.43
-0.2,0.37,0.54
-0.19,0.35,0.86
-0.21,0.3,1.09
-0.22,0.23,1.18
-0.24,0.26,1.2
-0.25,0.29,1.18
-0.26,0.34,1.1
-0.26,0.36,1.04
-0.27,0.44,0.93
-0.28,0.64,0.84
-0.27,0.72,0.87
-0.26,0.74,0.99
-0.26,0.77,1.07
-0.28,0.86,1.11
-0.3,0.94,1.09
-0.35,0.91,1.13
-0.38,0.79,1.27
-0.39,0.68,1.3
-0.38,0.68,1.15
-0.38,0.78,0.93
-0.39,0.91,0.83
-0.41,0.84,0.98
-0.43,0.65,1.23
-0.44,0.49,1.3
-0.44,0.42,1.28
-0.42,0.25,1.24
-0.39,0.27,1.08
-0.37,0.3,0.85
-0.34,0.23,0.82
-0.33,0.07,0.94
-0.3,-0.03,0.93
-0.28,-0.11,0.76
-0.26,-0.33,0.68
-0.22,-0.62,0.74
-0.17,-0.73,0.8
-0.13,-0.67,0.74
-0.12,-0.59,0.65
-0.11,-0.65,0.75
-0.11,-0.66,0.74
-0.09,-0.76,0.66
-0.08,-0.95,0.59
-0.07,-1.13,0.58
-0.05,-1.08,0.59
-0.04,-1.05,0.62
-0.03,-1.01,0.66
-0.02,-0.81,0.61
-0.01,-0.72,0.54
0,-0.68,0.59
0.01,-0.71,0.76
0.01,-0.65,0.83
0,-0.52,0.79
0,-0.45,0.8
-0.02,-0.48,0.83
-0.02,-0.44,0.89
-0.03,-0.39,0.91
-0.01,-0.44,0.93
-0.01,-0.32,0.93
-0.01,-0.27,0.85
0.01,-0.3,0.9
0.03,-0.29,0.94
0.04,-0.3,0.94
0.05,-0.32,0.9
0.05,-0.35,0.83
0.07,-0.35,0.82
0.08,-0.31,0.9
0.09,-0.33,0.9
0.1,-0.24,0.79
0.09,-0.22,0.75
0.1,-0.27,0.86
0.12,-0.22,1
0.11,-0.22,0.94
0.1,-0.17,0.9
0.1,-0.17,0.95
0.11,-0.22,0.96
0.1,-0.23,0.9
0.11,-0.18,0.94
0.1,-0.19,1
0.1,-0.22,1
0.1,-0.21,1
0.1,-0.15,0.9
0.08,-0.18,0.87
0.1,-0.21,1.07
0.09,-0.21,1.08
0.08,-0.18,0.98
0.08,-0.16,0.99
0.08,-0.2,1.05
0.08,-0.21,1.04
0.07,-0.21,0.98
-0.41,-2.82,-0.08
-0.56,-3.16,-0.22
-0.97,-4,-0.32
-1.2,-4,-0.02
-1.3,-3.89,0.23
-1.58,-3.36,0.2
-1.67,-2.51,0.66
-1.74,-1.74,1.11
-1.68,-0.74,1.36
-1.54,0.54,1.55
-1.35,1.77,1.8
-1.11,2.7,2.1
-0.97,3.13,2.55
-0.53,4,2.77
-0.23,3.99,2.31
-0.08,2.43,1.65
0.08,2.04,1.33
0.17,1.43,0.89
0.18,0.89,0.5
0.18,0.66,0.45
0.17,0.46,0.57
0.11,0.28,0.57
0.04,0.42,0.67
0,0.71,0.9
-0.02,0.84,1.05
-0.02,0.8,0.96
0,0.68,0.76
0.02,0.57,0.64
0.01,0.4,0.53
0.01,0.24,0.47
0.01,0.18,0.47
0.01,0.2,0.51
0,0.22,0.61
0,0.25,0.71
0.01,0.25,0.76
0.02,0.22,0.75
0.03,0.16,0.72
0.03,0.14,0.7
0.02,0.14,0.74
0.01,0.15,0.81
0,0.17,0.84
-0.01,0.16,0.87
-0.02,0.19,0.96
0.01,0.3,0.98
0.05,0.37,0.96
0.08,0.4,0.92
0.1,0.33,0.84
0.11,0.23,0.88
0.11,0.15,0.89
0.09,0.15,0.86
0.07,0.16,0.93
0.07,0.14,1.06
0.08,0.21,1.12
0.12,0.29,1.12
0.13,0.28,1.13
0.15,0.21,1.14
0.15,0.14,1.13
0.15,0.09,1.08
0.13,0.08,1.03
0.11,0.1,1.04
0.08,0.08,1.06
0.06,0.02,1.09
0.05,0.03,1.14
0.08,0,1.2
0.1,-0.04,1.18
0.08,-0.21,1.05
0.09,-0.26,1.02
0.09,-0.28,1
0.07,-0.36,0.96
0.06,-0.41,0.97
0.04,-0.45,0.95
0.03,-0.42,0.95
0.04,-0.43,1
0.06,-0.44,1
0.07,-0.45,0.9
0.07,-0.53,0.84
0.07,-0.61,0.88
0.07,-0.64,0.89
0.06,-0.58,0.89
0.05,-0.5,0.91
0.05,-0.46,1.02
0.06,-0.44,1.12
0.08,-0.43,1.08
0.09,-0.45,1
0.1,-0.45,0.99
0.11,-0.49,0.96
0.11,-0.48,0.93
0.12,-0.4,0.92
0.12,-0.34,0.95
0.12,-0.29,0.98
0.13,-0.28,1
0.13,-0.3,0.96
0.13,-0.33,0.92
0.13,-0.35,0.92
0.12,-0.38,0.92
0.12,-0.4,0.95
0.11,-0.41,0.95
0.11,-0.41,0.96
0.11,-0.41,1
0.11,-0.37,0.98
0.1,-0.33,0.95
0.1,-0.3,1
0.1,-0.32,1.01
0.12,-0.27,1.03
0.1,-0.3,0.91
0.12,-0.25,0.93
0.12,-0.23,0.96
0.12,-0.2,0.96
0.12,-0.15,0.98
0.13,-0.16,0.97
0.12,-0.19,0.95
0.12,-0.21,0.94
0.12,-0.21,0.94
0.12,-0.17,0.95
0.12,-0.14,0.97
0.12,-0.11,0.97
0.13,-0.11,0.97
0.12,-0.12,0.94
0.12,-0.12,0.95
0.12,-0.16,0.96
0.11,-0.21,0.94
0.11,-0.22,0.93
0.11,-0.22,0.95
0.1,-0.22,0.95
0.1,-0.22,0.95
0.11,-0.22,0.96
0.1,-0.2,0.98
0.11,-0.2,1
-0.38,-2.68,-0.15
-0.53,-2.83,-0.24
-0.82,-3.26,-0.22
-1.21,-4,-0.14
-1.32,-3.47,-0.07
-1.62,-3.36,0.03
-1.92,-3.15,0.28
-2.23,-2.59,0.53
-2.71,-1.99,0.43
-3.31,-1.47,0.31
-3.98,-0.93,0.75
-4,-0.22,1.46
-4,1.25,2.38
-4,3.02,3.96
-2.47,4,4
-1.4,4,3.96
-0.92,4,1.82
-0.7,3.26,0.65
-0.52,0.47,0.86
-0.42,-0.47,0.99
-0.4,-0.04,0.67
-0.36,0.66,0.57
-0.29,1.06,0.96
-0.23,1.12,1.26
-0.19,0.92,1.11
-0.16,0.7,0.78
-0.14,0.51,0.57
-0.14,0.2,0.49
-0.12,0.03,0.54
-0.15,-0.12,0.59
-0.15,-0.18,0.67
-0.15,-0.1,0.75
-0.15,-0.02,0.72
-0.15,0.05,0.69
-0.15,0.14,0.74
-0.13,0.22,0.8
-0.11,0.27,0.8
-0.11,0.38,0.76
-0.15,0.28,0.74
-0.19,0.02,0.87
-0.21,-0.15,1.01
-0.21,-0.26,1.1
-0.18,-0.33,1.21
-0.14,-0.31,1.15
-0.11,-0.22,1.02
-0.09,-0.06,0.91
-0.1,0.15,0.79
-0.12,0.26,0.76
-0.15,0.22,0.78
-0.16,0.1,0.87
-0.14,-0.03,0.9
-0.1,-0.06,0.81
-0.08,-0.08,0.81
-0.07,-0.1,0.92
-0.08,-0.24,1.04
-0.09,-0.37,1.11
-0.1,-0.35,1.15
-0.11,-0.21,1.02
-0.14,-0.17,0.94
-0.12,-0.2,1.03
-0.09,-0.27,1.07
-0.06,-0.33,1.12
-0.06,-0.41,1.21
-0.06,-0.57,1.21
-0.05,-0.72,1.14
-0.03,-0.73,1
-0.01,-0.67,0.89
0,-0.61,0.88
0,-0.6,0.99
0.03,-0.58,1.17
0.05,-0.58,1.3
0.05,-0.66,1.34
0.05,-0.72,1.23
0.06,-0.71,1.11
0.06,-0.68,1.02
0.05,-0.73,1.01
0.06,-0.74,1.03
0.08,-0.62,0.94
0.07,-0.57,0.88
0.08,-0.71,1
0.11,-0.64,1.15
0.1,-0.57,1.17
0.09,-0.52,1.05
0.1,-0.5,0.96
0.1,-0.54,0.95
0.11,-0.53,0.99
0.11,-0.49,0.97
0.11,-0.49,0.9
0.11,-0.44,0.88
0.09,-0.4,0.92
0.08,-0.37,1
0.07,-0.36,1.04
0.07,-0.34,1
0.07,-0.35,0.96
0.08,-0.31,0.98
0.08,-0.21,0.97
0.09,-0.18,0.96
0.09,-0.14,0.96
0.09,-0.13,0.94
0.09,-0.14,0.97
0.09,-0.18,0.97
0.09,-0.17,0.9
0.09,-0.14,0.88
0.09,-0.11,0.95
0.09,-0.06,0.97
0.09,-0.05,0.95
0.1,-0.09,0.96
0.1,-0.08,0.93
0.1,-0.08,0.9
0.1,-0.1,0.93
0.1,-0.05,0.91
0.09,-0.06,0.94
0.09,-0.1,1.03
0.09,-0.09,1
0.08,-0.05,0.94
0.09,-0.06,0.98
0.09,-0.08,1.02
0.09,-0.08,0.99
0.08,-0.08,0.98
0.09,-0.09,0.96
0.1,-0.08,0.93
0.1,-0.06,0.94
0.1,-0.04,0.98
0.1,0,0.98
0.1,0.02,0.98
0.11,-0.03,0.99
0.11,-0.09,0.99
0.1,-0.13,0.97
-0.28,-2.56,-0.03
-0.36,-2.76,-0.06
-0.53,-2.86,-0.08
-0.89,-4,-0.17
-1.05,-3.16,0.12
-1.24,-2.99,0.21
-1.43,-2.53,0.41
-1.63,-1.92,0.33
-1.95,-0.78,0.25
-2.06,1.04,0.7
-1.9,2.42,1.45
-1.67,3.07,2.05
-1.13,4,2.51
-0.84,4,2.69
-0.6,2.64,2.57
-0.4,2.25,2.48
-0.29,2.06,1.93
-0.17,1.79,1.31
-0.08,1.46,1.04
-0.04,1.15,0.99
-0.01,0.84,0.77
0.02,0.51,0.52
0.03,0.29,0.37
0.02,0.16,0.38
0.02,0.02,0.57
0.02,0,0.77
-0.01,-0.05,0.8
-0.05,-0.03,0.79
-0.08,0.1,0.74
-0.1,0.26,0.73
-0.1,0.4,0.86
-0.11,0.51,1.02
-0.11,0.52,1.07
-0.09,0.52,1.02
-0.08,0.43,0.93
-0.06,0.29,0.86
-0.05,0.16,0.78
-0.05,0.1,0.68
-0.02,-0.02,0.78
-0.02,-0.04,0.86
-0.02,0.05,0.87
-0.05,0.15,0.88
-0.07,0.22,0.94
-0.09,0.26,1
-0.1,0.32,1.07
-0.1,0.4,1.11
-0.08,0.42,1.09
-0.03,0.43,1.1
-0.01,0.44,1.01
0.01,0.43,0.88
0.02,0.41,0.87
0.02,0.35,0.96
0.01,0.31,1.04
0,0.33,1.01
-0.01,0.29,0.99
0.01,0.2,1.05
0.04,0.16,1.09
0.05,0.19,1.04
0.05,0.16,1
0.04,0.16,1.01
0.02,0.12,1.02
-0.02,0.11,1.03
0,0.07,1.13
0.02,0.1,1.16
0.04,0.09,1.08
0.05,0.05,1.04
0.06,0.06,1.06
0.03,-0.02,1.02
0.06,-0.13,1.02
0.05,-0.16,0.98
0.06,-0.13,0.87
0.06,-0.18,0.86
0.08,-0.2,0.97
0.08,-0.12,0.97
0.05,-0.19,0.84
0.06,-0.26,0.89
0.08,-0.29,0.98
0.1,-0.23,0.97
0.05,-0.23,0.97
0.07,-0.18,0.95
0.06,-0.11,0.97
-0.1,-0.48,0.82
-0.03,-0.33,1.02
0.03,-0.38,1.22
0.04,-0.61,1.17
0.07,-0.64,0.99
0.08,-0.59,0.82
0.09,-0.54,0.78
0.11,-0.47,0.8
0.12,-0.44,0.82
0.12,-0.4,0.92
0.11,-0.28,1.11
0.12,-0.2,1.26
0.15,-0.21,1.26
0.16,-0.33,1.06
0.17,-0.53,0.85
0.17,-0.5,0.75
0.14,-0.54,0.57
0.09,-0.75,0.39
0,-0.73,0.24
-0.11,-0.4,0.4
0.08,0.51,1.08
0.15,0.75,1.48
0.12,0.63,1.51
0.16,0.63,1.32
0.12,0.32,1.21
0.1,0.13,1.02
0.11,0.17,0.99
0.12,0.18,1.01
0.07,0.16,1.03
0.04,0.28,1
0.03,0.36,0.96
0.02,0.36,0.97
0.03,0.28,0.98
0.05,0.12,0.97
0.05,0.04,0.9
0.04,0.02,0.84
0.04,0.04,0.9
0.04,0.07,1.02
0.01,0.13,1.05
0.02,0.14,0.98
0.03,0.12,0.92
0.06,0.07,0.96
0.09,0.05,0.95
0.1,0.1,0.92
0.1,0.11,0.94
0.08,0.1,0.94
0.07,0.08,0.97
-0.44,-2.64,0.2
-0.62,-2.94,0.15
-0.98,-3.95,-0.06
-1.2,-4,0
-1.21,-3.5,0.02
-1.37,-3.4,-0.42
-1.55,-2.52,-0.37
-1.68,-2.18,0.47
-1.68,-1.67,1.1
-1.59,-0.86,1.38
-1.36,0.41,1.7
-1.08,1.85,1.96
-0.82,2.75,2.28
-0.58,3.11,2.37
-0.13,4,2.36
0.04,3.25,1.62
0.13,2.36,1.18
0.26,2.09,0.8
0.25,1.3,0.37
0.26,0.73,0.33
0.22,0.42,0.33
0.12,0.38,0.34
0,0.37,0.64
-0.07,0.25,1.12
-0.1,0.18,1.23
-0.11,0.21,1.02
-0.12,0.28,0.97
-0.1,0.33,1.06
-0.11,0.32,1.05
-0.11,0.21,1
-0.11,0.26,0.98
-0.09,0.31,0.91
-0.07,0.26,1
-0.05,0.2,1.07
-0.03,0.25,0.98
0,0.22,0.93
0.01,0.13,0.94
0.02,0.08,0.89
0.01,0.03,0.87
0,0.04,0.9
-0.01,0.06,0.98
-0.02,0.13,1.05
-0.03,0.21,1.06
0,0.38,1.08
0.02,0.46,1.1
0.04,0.39,1.09
0.05,0.35,1.04
0.06,0.39,0.98
0.06,0.38,1
0.04,0.37,1.09
0.03,0.37,1.13
0.03,0.35,1.15
0.05,0.35,1.16
0.08,0.36,1.17
0.08,0.2,1.08
0.08,0.05,1.04
0.07,-0.04,1.01
0.05,-0.12,1
0.03,-0.14,1
-0.01,-0.1,0.99
-0.04,-0.12,1.07
-0.05,-0.11,1.19
-0.03,-0.04,1.19
0,-0.01,1.08
0,-0.14,0.95
-0.01,-0.31,0.88
-0.01,-0.39,0.88
-0.02,-0.37,0.93
-0.04,-0.33,0.97
-0.08,-0.31,0.98
-0.09,-0.29,1
-0.07,-0.24,1.04
-0.01,-0.12,1.04
0.02,-0.17,0.93
0.04,-0.32,0.84
0.04,-0.37,0.79
0.03,-0.41,0.78
0.02,-0.44,0.86
0.01,-0.42,0.92
0.01,-0.34,0.97
0.02,-0.28,1
0.03,-0.27,1.01
0.05,-0.29,0.98
0.05,-0.34,0.92
0.06,-0.39,0.86
0.06,-0.44,0.84
0.07,-0.45,0.85
0.07,-0.41,0.84
0.07,-0.33,0.9
0.08,-0.28,0.97
0.08,-0.22,0.96
0.08,-0.22,0.96
0.09,-0.23,0.98
0.09,-0.24,0.96
0.08,-0.19,0.93
0.07,-0.17,0.97
0.07,-0.16,1.01
0.08,-0.11,1.03
0.07,-0.07,1.05
0.08,-0.06,1.06
0.07,-0.08,0.97
0.07,-0.14,0.96
0.06,-0.19,1.01
0.05,-0.22,1.01
0.05,-0.23,1
0.05,-0.24,1
0.05,-0.19,1.02
0.05,-0.16,1.03
0.05,-0.12,1.01
0.05,-0.09,0.98
0.05,-0.15,1
0.06,-0.16,1
0.05,-0.17,0.95
0.06,-0.18,0.95
0.06,-0.17,0.99
0.07,-0.11,1
0.07,-0.08,1.01
0.07,-0.06,1.03
0.08,-0.02,1.04
0.08,0.01,1.03
0.08,-0.03,0.99
0.07,-0.1,0.96
0.07,-0.13,0.98
0.07,-0.16,0.98
0.06,-0.17,0.98
0.07,-0.13,1
0.07,-0.07,1.03
0.07,-0.04,1.06
-0.19,-3.14,0.8
-0.78,-4,1.07
-1.33,-4,0.81
-1.55,-3.29,-0.34
-1.89,-2.81,-1.46
-2.81,-3.54,-1.14
-3.97,-3.37,0.15
-4,-1.17,1.07
-4,1.43,1.58
-3.98,3.14,2.64
-2.95,4,2.91
-2.13,4,1.68
-1.44,4,0
-1.11,3.89,-1.06
-0.84,2.02,-0.51
-0.66,0.6,0.71
-0.61,0.18,1.53
-0.61,0.46,1.65
-0.58,0.82,1.63
-0.52,0.89,1.75
-0.48,0.7,1.81
-0.43,0.62,1.67
-0.36,0.64,1.53
-0.31,0.47,1.37
-0.26,0.28,1.03
-0.19,0.2,0.71
-0.15,0.1,0.48
-0.11,-0.07,0.39
-0.07,-0.05,0.49
-0.07,-0.02,0.65
-0.07,0,0.85
-0.08,0.1,1.06
-0.09,0.24,1.19
-0.1,0.28,1.18
-0.12,0.21,1.12
-0.14,0.13,1.03
-0.15,0.13,0.92
-0.16,0.22,0.82
-0.16,0.27,0.73
-0.15,0.26,0.72
-0.14,0.34,0.74
-0.13,0.38,0.79
-0.13,0.4,0.98
-0.14,0.39,1.23
-0.15,0.39,1.43
-0.17,0.52,1.44
-0.18,0.7,1.35
-0.25,0.74,1.25
-0.3,0.6,1.17
-0.37,0.39,1.14
-0.41,0.2,1.07
-0.36,0.04,1.04
-0.31,0.06,0.99
-0.29,0.02,0.81
-0.25,-0.1,0.66
-0.23,-0.06,0.64
-0.21,0.04,0.65
-0.23,0.02,0.75
-0.28,-0.07,0.91
-0.3,-0.19,1.1
-0.33,-0.35,1.19
-0.34,-0.52,1.08
-0.29,-0.64,0.9
-0.28,-0.67,0.66
-0.25,-0.61,0.44
-0.15,-0.51,0.37
-0.11,-0.48,0.51
-0.09,-0.59,0.73
-0.08,-0.74,0.89
-0.06,-0.81,1.02
-0.04,-0.82,1.1
-0.03,-0.7,1.06
-0.03,-0.69,0.92
-0.04,-0.58,0.87
-0.05,-0.5,0.85
-0.03,-0.52,0.76
-0.01,-0.6,0.75
0,-0.65,0.8
0.03,-0.55,0.79
0.03,-0.43,0.75
0.04,-0.41,0.83
0.05,-0.4,0.97
0.06,-0.31,1
0.05,-0.23,0.93
0.04,-0.22,0.91
0.03,-0.3,0.95
0.04,-0.38,0.94
0.05,-0.37,0.89
0.05,-0.3,0.84
0.03,-0.31,0.87
0.03,-0.32,0.93
0.03,-0.34,1
0.02,-0.35,0.99
0.01,-0.37,0.94
0.01,-0.4,0.92
0.02,-0.39,0.94
0.02,-0.36,1.02
0.02,-0.33,1.02
0.02,-0.31,0.97
0.03,-0.28,0.98
0.03,-0.28,0.97
0.03,-0.27,0.94
0.02,-0.31,0.93
0.02,-0.29,0.93
0.01,-0.32,0.91
0.01,-0.33,0.94
0.01,-0.32,0.96
0.01,-0.33,0.98
0.01,-0.33,1.02
0.01,-0.3,1.01
0.02,-0.29,1
0.02,-0.28,0.97
0.02,-0.28,0.94
0.02,-0.29,0.96
0.02,-0.31,0.95
0.02,-0.32,0.91
0.02,-0.3,0.9
0.02,-0.3,0.92
0.02,-0.27,0.97
0.01,-0.26,0.95
0.01,-0.29,0.97
0.01,-0.33,0.95
0,-0.36,0.91
0.01,-0.29,0.92
0,-0.31,0.96
0,-0.3,0.98
0.01,-0.29,0.97
0.01,-0.24,0.98
-0.15,-2.17,0.66
-0.15,-2.47,0.76
-0.2,-2.73,0.71
-0.38,-2.91,0.12
-1.03,-4,-0.62
-1.36,-3.79,-0.69
-2.15,-4,-0.75
-3.31,-3.92,-0.49
-4,-2.17,-0.04
-4,0,0
-3.95,1.51,0.22
-3.58,2.43,0.79
-3.25,3.35,1.34
-2.34,4,1.59
-1.54,4,1.88
-1.14,4,2.11
-0.96,2.57,1.77
-0.8,0.54,1.69
-0.69,-0.4,1.72
-0.61,-0.35,1.54
-0.53,0.13,1.28
-0.44,0.45,1.11
-0.37,0.51,1.09
-0.32,0.56,0.97
-0.27,0.62,0.78
-0.22,0.55,0.75
-0.21,0.35,0.71
-0.23,0.11,0.6
-0.2,-0.21,0.48
-0.2,-0.52,0.47
-0.18,-0.39,0.71
-0.16,-0.14,0.9
-0.17,0,0.97
-0.17,0.13,1.08
-0.18,0.23,1.18
-0.19,0.32,1.2
-0.2,0.37,1.19
-0.23,0.4,1.15
-0.25,0.39,1.08
-0.28,0.27,1
-0.29,0.06,0.9
-0.25,-0.07,0.91
-0.21,0,0.99
-0.18,0.06,1.08
-0.16,0.12,1.19
-0.16,0.18,1.26
-0.17,0.21,1.27
-0.17,0.27,1.25
-0.19,0.36,1.25
-0.24,0.42,1.15
-0.27,0.3,1.04
-0.27,0.22,1.07
-0.26,0.09,1.01
-0.23,0.08,0.92
-0.19,0.21,0.88
-0.16,0.35,0.88
-0.18,0.36,0.88
-0.18,0.28,0.87
-0.18,0.23,0.9
-0.2,0.22,0.95
-0.22,0.22,1.04
-0.25,0.25,0.98
-0.26,0.14,0.88
-0.24,-0.07,0.8
-0.25,-0.29,0.75
-0.18,-0.03,0.33
-0.21,-0.02,0.34
-0.18,-0.36,0.74
-0.14,-0.36,0.99
-0.14,-0.23,1.1
-0.14,-0.13,1.15
-0.19,-0.19,1.02
-0.2,-0.4,0.95
-0.16,-0.46,0.83
-0.15,-0.23,0.55
-0.16,-0.11,0.38
-0.17,-0.16,0.4
-0.16,-0.37,0.6
-0.14,-0.74,1.03
-0.11,-0.85,1.37
-0.1,-0.8,1.37
-0.1,-0.71,1.2
-0.1,-0.66,1.02
-0.09,-0.63,0.97
-0.09,-0.56,1
-0.09,-0.49,1.06
-0.1,-0.45,1.03
-0.09,-0.46,0.94
-0.09,-0.45,0.91
-0.08,-0.49,0.98
-0.08,-0.41,0.97
-0.08,-0.23,0.86
-0.08,-0.13,0.91
-0.07,-0.21,1.04
-0.05,-0.25,1.03
-0.05,-0.25,0.99
-0.05,-0.25,1.01
-0.05,-0.32,1.08
-0.04,-0.39,1.06
-0.04,-0.31,0.94
-0.03,-0.23,0.87
-0.03,-0.19,0.9
-0.02,-0.25,0.93
-0.01,-0.28,0.91
-0.02,-0.26,0.9
-0.02,-0.28,0.96
-0.02,-0.29,0.99
-0.02,-0.25,0.96
-0.03,-0.24,0.97
-0.02,-0.26,0.97
-0.02,-0.28,0.97
-0.02,-0.26,0.99
-0.02,-0.21,0.93
-0.02,-0.19,0.84
-0.02,-0.23,0.91
-0.02,-0.25,1.02
-0.03,-0.23,1.03
-0.03,-0.25,1
-0.02,-0.28,0.97
-0.02,-0.31,0.96
-0.01,-0.29,0.98
0,-0.23,0.95
0,-0.17,0.89
0,-0.13,0.86
0,-0.09,0.88
-0.01,-0.12,0.99
0,-0.14,1.05
-0.01,-0.13,1
-0.06,-2.21,0.96
-0.14,-2.5,0.97
-0.13,-2.73,0.61
-0.49,-2.74,0.47
-0.69,-3.23,0.27
-0.86,-3.31,-0.06
-1.02,-2.77,-0.48
-1.37,-2.71,-0.95
-1.95,-3.11,-1.05
-2.98,-2.65,-0.1
-3.64,-0.79,1.71
-3.4,1.24,2.85
-2.89,2.67,2.46
-2.32,3.27,1.1
-1.67,4,0.21
-1.15,4,0.19
-0.92,2.85,0.91
-0.75,1.84,1.72
-0.61,1.56,2.05
-0.5,1.28,1.93
-0.41,0.89,1.82
-0.34,0.54,1.69
-0.27,0.27,1.28
-0.25,0.03,0.82
-0.24,-0.04,0.58
-0.2,0.03,0.58
-0.17,0.17,0.61
-0.15,0.31,0.61
-0.13,0.32,0.67
-0.16,0.22,0.82
-0.18,0.11,1.09
-0.18,0.09,1.23
-0.19,0.06,1.22
-0.21,-0.01,1.15
-0.22,-0.08,1.1
-0.23,-0.18,1.02
-0.22,-0.24,0.9
-0.18,-0.11,0.91
-0.15,0.03,0.87
-0.15,0.09,0.85
-0.14,0.18,0.95
-0.14,0.29,1
-0.16,0.35,0.97
-0.19,0.44,0.96
-0.23,0.55,1.06
-0.26,0.57,1.17
-0.3,0.5,1.32
-0.33,0.44,1.41
-0.33,0.4,1.39
-0.31,0.37,1.33
-0.28,0.37,1.26
-0.25,0.36,1.21
-0.22,0.41,1.18
-0.22,0.46,1.07
-0.22,0.43,0.95
-0.23,0.43,0.82
-0.26,0.43,0.71
-0.28,0.34,0.74
-0.28,0.14,0.87
-0.27,-0.08,0.94
-0.26,-0.31,0.96
-0.21,-0.47,0.91
-0.15,-0.45,0.75
-0.12,-0.38,0.57
-0.11,-0.32,0.57
-0.09,-0.28,0.69
-0.09,-0.28,0.9
-0.11,-0.38,1.06
-0.11,-0.49,1.11
-0.09,-0.48,1.04
-0.1,-0.43,0.91
-0.09,-0.56,0.89
-0.06,-0.76,0.97
-0.02,-0.84,1.02
0,-0.76,0.98
0.01,-0.58,0.89
0.02,-0.32,0.83
0.01,-0.19,0.85
0,-0.25,0.99
0,-0.29,1.11
0,-0.36,1.06
0,-0.42,0.9
0.01,-0.44,0.84
0.03,-0.48,0.88
0.04,-0.54,0.96
0.05,-0.47,1
0.05,-0.33,0.93
0.06,-0.22,0.88
0.05,-0.19,0.85
0.06,-0.21,0.88
0.06,-0.27,0.92
0.06,-0.31,0.89
0.07,-0.31,0.85
0.07,-0.26,0.8
0.06,-0.24,0.9
0.07,-0.24,1.01
0.07,-0.26,1.01
0.07,-0.25,0.95
0.07,-0.27,0.92
0.08,-0.26,0.89
0.09,-0.25,0.86
0.07,-0.26,0.83
0.07,-0.31,0.95
0.06,-0.27,1.06
0.06,-0.18,1.05
0.06,-0.18,1.02
0.06,-0.21,1.03
0.06,-0.23,1.01
0.06,-0.24,0.95
0.06,-0.27,0.93
0.07,-0.29,0.97
0.06,-0.25,0.9
0.06,-0.19,0.83
0.05,-0.18,0.92
0.05,-0.13,1
0.05,-0.16,1.05
0.05,-0.15,1.04
0.06,-0.17,0.99
0.06,-0.19,0.95
0.07,-0.2,0.96
0.07,-0.23,0.93
0.07,-0.2,0.9
0.07,-0.15,0.88
0.06,-0.14,0.92
0.06,-0.15,1
0.06,-0.14,1
0.06,-0.11,0.96
0.06,-0.07,0.91
-0.06,-2.85,0.97
-0.37,-3.75,0.54
-1.07,-4,-0.29
-1.45,-3.72,-0.82
-2.16,-2.81,-1.02
-2.88,-2.4,-0.4
-3.57,-1.47,0.41
-3.72,0.29,0.82
-3.42,1.86,1.17
-2.94,2.67,1.99
-2.35,2.93,2.7
-1.73,4,1.95
-1.27,4,0.75
-1.02,4,0.37
-0.87,2.75,0.6
-0.78,1.11,0.9
-0.71,0.39,1.16
-0.63,0.4,1.33
-0.53,0.51,1.42
-0.43,0.4,1.42
-0.35,0.23,1.37
-0.28,0.07,1.24
-0.25,0.01,1.07
-0.2,0.03,1
-0.17,0.04,0.93
-0.15,-0.02,0.77
-0.15,-0.1,0.55
-0.14,-0.17,0.34
-0.14,-0.15,0.24
-0.16,-0.06,0.37
-0.18,0.04,0.64
-0.22,0.1,0.83
-0.24,0.18,1.08
-0.26,0.31,1.24
-0.27,0.31,1.31
-0.28,0.31,1.33
-0.27,0.33,1.31
-0.26,0.34,1.18
-0.25,0.34,1
-0.24,0.31,0.9
-0.24,0.27,0.85
-0.24,0.23,0.83
-0.24,0.21,0.87
-0.24,0.22,0.97
-0.24,0.26,1.09
-0.23,0.29,1.19
-0.23,0.34,1.25
-0.22,0.44,1.27
-0.23,0.51,1.21
-0.23,0.54,1.09
-0.24,0.62,0.99
-0.26,0.7,0.93
-0.3,0.65,0.96
-0.32,0.47,0.99
-0.33,0.34,1
-0.32,0.3,0.99
-0.31,0.21,1.03
-0.29,0.03,1.08
-0.27,-0.08,1.14
-0.24,-0.08,1.17
-0.23,-0.06,1.06
-0.22,0.03,0.9
-0.22,0.18,0.74
-0.26,0.33,0.64
-0.26,0.33,0.74
-0.31,0.15,0.72
-0.31,-0.14,0.64
-0.28,-0.48,0.72
-0.2,-0.71,0.89
-0.13,-0.81,1.04
-0.09,-0.67,1.05
-0.07,-0.43,0.98
-0.08,-0.27,0.95
-0.07,-0.18,0.98
-0.08,-0.18,1.01
-0.07,-0.21,0.95
-0.08,-0.3,0.83
-0.07,-0.47,0.76
-0.03,-0.58,0.77
-0.02,-0.57,0.78
0,-0.5,0.79
0.03,-0.47,0.85
0.03,-0.4,0.92
0.02,-0.29,0.87
0,-0.25,0.88
0,-0.32,1.02
0,-0.36,1.11
0,-0.38,0.99
0.03,-0.46,0.85
0.04,-0.47,0.76
0.07,-0.4,0.76
0.05,-0.34,0.87
0.04,-0.27,0.97
0.04,-0.22,1
0.03,-0.18,0.96
0.03,-0.16,0.97
0.04,-0.2,0.99
0.04,-0.24,0.98
0.04,-0.25,0.99
0.05,-0.18,1.03
0.05,-0.15,1.05
0.06,-0.17,0.96
0.06,-0.12,0.85
0.06,-0.14,0.84
0.06,-0.17,0.96
0.06,-0.14,1
0.05,-0.08,0.9
0.04,-0.08,0.92
0.04,-0.15,1.06
0.05,-0.2,1.07
0.05,-0.2,0.99
0.05,-0.2,0.99
0.06,-0.24,1.04
0.06,-0.27,1.01
0.06,-0.19,0.89
0.05,-0.16,0.86
0.05,-0.17,0.97
0.04,-0.14,1.03
0.04,-0.07,1.01
0.04,-0.06,0.99
0.05,-0.07,1
0.05,-0.08,1.03
0.06,-0.08,1.01
0.06,-0.13,0.96
0.06,-0.18,0.94
0.06,-0.2,0.95
0.06,-0.18,0.96
0.06,-0.13,0.91
-0.14,-1.59,1.21
-0.15,-1.83,1.27
-0.26,-2.12,1.13
-0.23,-2.36,0.9
-0.29,-2.51,0.68
-0.43,-2.71,0.47
-0.62,-2.8,0.53
-0.91,-3.67,0.44
-1.18,-2.84,0.06
-1.56,-2.2,-0.21
-2.08,-2.09,-0.02
-2.87,-1.84,0.2
-3.4,-0.43,-0.05
-3.25,1.85,-0.35
-2.98,3.3,-0.36
-2.24,4,0.25
-1.72,4,1.04
-1.3,3.86,1.76
-0.98,3.09,2.27
-0.78,2.83,2.45
-0.74,2.23,2.22
-0.66,1.47,1.81
-0.57,1.02,1.53
-0.44,0.77,1.35
-0.33,0.48,1.22
-0.25,0.26,1.02
-0.2,0.1,0.73
-0.14,-0.09,0.49
-0.1,-0.11,0.4
-0.07,0.05,0.47
-0.07,0.15,0.6
-0.09,0.16,0.87
-0.12,0.16,1.18
-0.14,0.13,1.42
-0.17,0.02,1.45
-0.18,-0.09,1.32
-0.17,-0.1,1.15
-0.16,-0.05,0.95
-0.13,0.02,0.82
-0.11,0.07,0.78
-0.08,0.13,0.81
-0.08,0.16,0.91
-0.08,0.2,1.05
-0.1,0.22,1.09
-0.11,0.17,1.08
-0.12,0.17,1.15
-0.14,0.15,1.15
-0.16,0.09,1.06
-0.17,0.1,0.99
-0.16,0.19,0.97
-0.15,0.26,0.97
-0.14,0.3,0.96
-0.13,0.35,0.97
-0.12,0.38,1
-0.12,0.38,1.06
-0.11,0.36,1.09
-0.12,0.28,1.08
-0.13,0.18,1.05
-0.13,0.14,1.05
-0.11,0.15,0.96
-0.11,0.15,0.9
-0.09,0.13,0.91
-0.06,0.11,0.93
-0.05,0.14,0.95
-0.05,0.19,0.96
-0.06,0.29,0.99
-0.08,0.26,1
-0.1,0.07,1.01
-0.1,-0.1,1
-0.1,-0.15,1.01
-0.09,-0.12,1.01
-0.07,-0.05,0.96
-0.06,0.13,0.88
-0.05,0.36,0.84
-0.08,0.49,0.94
-0.11,0.47,1.08
-0.14,0.48,1.19
-0.21,0.45,1.12
-0.23,0.26,1.09
-0.22,0.19,1.01
-0.23,0.4,0.81
-0.27,0.56,0.75
-0.29,0.44,0.92
-0.29,0.33,1.11
-0.32,0.16,1.23
-0.28,-0.15,1.18
-0.24,-0.39,0.97
-0.19,-0.45,0.76
-0.13,-0.59,0.64
-0.08,-0.81,0.65
-0.03,-0.93,0.74
0.02,-0.92,0.78
0.03,-0.86,0.67
0.03,-0.78,0.63
0.02,-0.72,0.73
0.01,-0.71,0.87
0,-0.7,1
0.01,-0.67,1.02
0.01,-0.59,0.9
0.01,-0.47,0.82
0.01,-0.41,0.84
0.02,-0.41,0.86
0.03,-0.43,0.92
0.03,-0.38,0.88
0.03,-0.31,0.85
0.03,-0.28,0.88
0.02,-0.36,0.97
0.03,-0.36,1
0.03,-0.32,0.96
0.03,-0.29,0.89
0.03,-0.27,0.91
0.04,-0.28,0.97
0.04,-0.3,0.93
0.05,-0.32,0.84
0.05,-0.33,0.8
0.06,-0.35,0.89
0.06,-0.35,0.94
0.05,-0.28,0.92
0.05,-0.24,0.99
0.05,-0.23,1.01
0.04,-0.28,0.99
0.05,-0.28,0.97
0.05,-0.27,0.96
0.04,-0.27,0.95
0.05,-0.24,0.94
0.05,-0.22,0.89
0.05,-0.23,0.9
0.04,-0.22,0.97
-0.16,-2.76,0.16
-0.4,-2.98,0.28
-0.77,-4,0.44
-1.09,-4,0.51
-1.36,-3.59,-0.19
-1.75,-3,-0.92
-2.29,-2.49,-0.97
-2.93,-1.64,-0.52
-3.57,-0.61,0.08
-3.66,1.04,0.58
-3.48,2.5,1.12
-3.13,3.17,1.94
-2.28,4,2.58
-1.52,4,2.89
-1.03,3.92,2.47
-0.97,2.39,1.47
-0.88,1.39,0.68
-0.8,1.34,0.5
-0.67,1.53,0.76
-0.57,1.36,1.05
-0.5,1.1,1.17
-0.41,0.85,1.17
-0.32,0.59,1.05
-0.25,0.31,0.84
-0.18,0.07,0.67
-0.12,-0.06,0.64
-0.11,-0.13,0.67
-0.1,-0.17,0.69
-0.11,-0.14,0.68
-0.13,0.02,0.71
-0.14,0.17,0.79
-0.16,0.24,0.82
-0.2,0.21,0.94
-0.21,0.19,1.16
-0.22,0.14,1.3
-0.23,0.09,1.37
-0.21,0.14,1.37
-0.2,0.19,1.27
-0.18,0.24,1.17
-0.15,0.3,1.11
-0.13,0.34,1.06
-0.13,0.35,1.06
-0.13,0.34,1.09
-0.15,0.32,1.05
-0.18,0.23,0.95
-0.18,0.04,0.89
-0.18,-0.14,0.91
-0.17,-0.15,0.97
-0.14,-0.09,1.02
-0.11,0.04,1.05
-0.08,0.16,1.05
-0.07,0.24,1.05
-0.06,0.25,1.02
-0.06,0.21,0.99
-0.07,0.22,0.96
-0.08,0.31,0.84
-0.12,0.35,0.8
-0.15,0.27,0.89
-0.16,0.14,1.05
-0.16,0.05,1.15
-0.16,-0.03,1.17
-0.15,-0.01,1.2
-0.14,0.06,1.13
-0.15,0.1,1.05
-0.16,0.21,0.99
-0.17,0.35,1.01
-0.24,0.5,0.98
-0.3,0.61,1.17
-0.38,0.74,1.51
-0.43,0.76,1.63
-0.47,0.26,1.27
-0.42,-0.17,0.85
-0.36,-0.42,0.7
-0.23,-0.67,0.6
-0.12,-0.93,0.42
-0.01,-1.08,0.31
0.01,-1.11,0.32
0.04,-1.12,0.46
0.04,-1.22,0.61
0.05,-1.21,0.67
0.05,-1.06,0.59
0.04,-0.95,0.54
0.05,-0.93,0.66
0.06,-0.88,0.82
0.07,-0.72,0.75
0.06,-0.61,0.57
0.05,-0.54,0.62
0.03,-0.5,0.9
0.03,-0.43,1.12
0.03,-0.35,1.05
0.02,-0.3,0.95
0.03,-0.29,0.95
0.04,-0.35,0.95
0.05,-0.4,0.92
0.06,-0.45,0.9
0.06,-0.44,0.87
0.07,-0.38,0.83
0.07,-0.37,0.86
0.07,-0.37,0.97
0.07,-0.33,1.01
0.07,-0.3,0.94
0.07,-0.29,0.89
0.07,-0.23,0.9
0.07,-0.22,0.9
0.08,-0.24,0.94
0.08,-0.26,0.95
0.08,-0.27,0.93
0.07,-0.24,0.96
0.07,-0.2,0.98
0.07,-0.25,0.97
0.08,-0.27,0.96
0.07,-0.28,0.96
0.07,-0.24,0.96
0.07,-0.21,0.99
0.08,-0.2,0.99
0.08,-0.19,0.96
0.07,-0.18,0.95
0.08,-0.19,0.94
0.09,-0.18,0.93
0.08,-0.16,0.92
0.08,-0.15,0.95
0.08,-0.11,0.98
0.08,-0.11,1.03
0.08,-0.11,1.02
0.09,-0.13,0.99
0.09,-0.14,0.98
0.09,-0.13,1.01
0.1,-0.12,0.99
-0.24,-3.04,0.21
-0.71,-4,0.04
-1.22,-4,0.05
-1.59,-2.99,-0.19
-2.11,-2.49,-0.52
-2.69,-1.98,-0.09
-3.3,-1.2,0.6
-3.81,0.62,1.82
-3.26,2.59,3.58
-2.71,2.84,3.59
-2.1,3.98,2
-1.56,3.84,0.67
-1.09,3.67,0
-0.75,3.25,0.26
-0.53,2.23,0.81
-0.4,1.25,1.1
-0.32,0.6,1.21
-0.26,0.27,1.31
-0.24,-0.01,1.22
-0.22,-0.25,1
-0.2,-0.15,0.83
-0.21,-0.09,0.77
-0.17,0.32,0.86
-0.14,0.69,0.96
-0.13,0.78,0.91
-0.16,0.64,0.83
-0.18,0.49,0.79
-0.22,0.43,0.78
-0.24,0.39,0.83
-0.23,0.37,1.04
-0.22,0.26,1.22
-0.21,0.03,1.24
-0.19,-0.05,1.14
-0.15,-0.04,1.01
-0.12,-0.03,0.93
-0.08,0,0.9
-0.06,0.1,0.9
-0.04,0.18,0.92
-0.04,0.2,0.94
-0.06,0.19,0.96
-0.1,0.18,1
-0.13,0.14,0.99
-0.15,0.05,1.03
-0.15,0.01,1.07
-0.14,-0.06,1.07
-0.13,-0.1,1.04
-0.12,-0.02,1.03
-0.07,0.1,1.01
-0.07,0.23,0.99
-0.08,0.25,0.9
-0.08,0.31,0.87
-0.08,0.43,0.89
-0.07,0.6,0.93
-0.08,0.83,0.94
-0.15,0.93,1.06
-0.26,0.72,1.27
-0.31,0.33,1.4
-0.32,0,1.31
-0.3,-0.37,1.02
-0.22,-0.63,0.77
-0.13,-0.39,0.52
-0.13,0.01,0.41
-0.08,0.35,0.52
-0.17,0.5,0.74
-0.27,0.32,1.11
-0.31,0.04,1.5
-0.32,-0.2,1.59
-0.29,-0.58,1.39
-0.19,-0.96,1.13
-0.08,-1.06,0.93
0.01,-0.89,0.75
0.05,-0.57,0.66
0.04,-0.33,0.7
0.02,-0.17,0.84
0.02,-0.11,1.04
0.02,-0.17,1.19
0.03,-0.22,1.22
0.03,-0.21,1.16
0.04,-0.21,1.09
0.06,-0.3,0.95
0.08,-0.43,0.85
0.09,-0.42,0.76
0.09,-0.37,0.76
0.08,-0.32,0.87
0.07,-0.22,0.95
0.05,-0.11,1.04
0.04,-0.01,1.12
0.04,0,1.16
0.05,0.01,1.08
0.05,0.01,0.96
0.06,-0.04,0.96
0.07,-0.15,0.98
0.08,-0.24,0.93
0.09,-0.26,0.85
0.08,-0.16,0.81
0.07,-0.04,0.88
0.06,0.03,1.09
0.06,0.1,1.14
0.05,0.15,0.99
0.06,0.15,0.88
0.08,0.03,0.86
0.09,-0.11,0.95
0.1,-0.2,0.99
0.1,-0.29,0.87
0.11,-0.29,0.82
0.11,-0.28,0.91
0.1,-0.28,1.04
0.09,-0.19,1.05
0.09,-0.07,0.97
0.09,0.02,0.9
0.09,0.01,0.91
0.1,-0.05,0.97
0.11,-0.08,1.03
0.11,-0.04,0.99
0.11,-0.04,0.95
0.11,-0.09,1.01
0.12,-0.11,1.04
0.11,-0.09,0.96
0.12,-0.11,0.92
0.12,-0.14,0.93
0.12,-0.14,0.95
0.12,-0.16,0.98
0.11,-0.13,0.98
0.1,-0.08,0.97
0.09,-0.06,1
0.09,-0.07,1.06
0.09,-0.12,1.1
0.09,-0.16,1.06
